id,wordEn,pos,cefrLevel,fromOxford,rank,frequency,difficultyScore,phoneticUs,phoneticUk,phoneticAr,translit,syllabify,definitionEn,definitionAr,usageNote,category,primarySense,semanticTags,register,mnemonicAr,examples,collocations,synonyms,antonyms,relatedWords,wordFamily,arabicAr,frenchFr,germanDe,spanishEs,chineseZh,russianRu,portuguesePt,japaneseJa,italianIt,turkishTr,unitId,stratum,in_ielts
6067,trousers,noun,A1,1,6067,5,5,ˈtraʊzərz,ˈtraʊzəz,تراوزَرز,Banṭalōn,,An outer garment covering the body from the waist to the ankles.,البنطلون. كلمة بريطانية، في أمريكا بيقولوا Pants.,"Plural noun (like glasses). Say 'My trousers ARE dirty', not 'is'. Pair of trousers.",Objects & Tools,Object,"[""#Clothes"", ""#Fashion"", ""#Wear""]",Neutral,قريبة من 'Throw' 'يرمي'.. لما بترجع تعبان بتعمل 'Throw' للـ 'Trousers' على الكرسي,"{""A1"": ""I wear black trousers."", ""A2"": ""These trousers are too long."", ""B1"": ""He bought a new pair of trousers."", ""B2"": ""You should iron your trousers before the interview."", ""C1"": ""The tailor hemmed the trousers perfectly."", ""C2"": ""Sartorial elegance dictates that trousers should break slightly at the shoe.""}","[""pair of trousers"", ""short trousers"", ""wear trousers""]","[""pants"", ""slacks"", ""jeans""]","[""shorts"", ""skirt""]","{""en"": [""pants"", ""belt"", ""pocket""], ""ar"": [""ملابس"", ""بنطال""]}","{""noun"":""trousers"",""adj"":""trousered""}",بنطلون,pantalon,Hose,pantalones,裤子 (Kùzi),брюки,calças,ズボン (Zubon),pantaloni,pantolon,A1_18,CEFR_A1,False
3538,feeding,noun,A1,1,3538,4,5,ˈfiːdɪŋ,,فِيدِينج,Taghdhiyah,feed•ing,The act of supplying with food; the act of eating.,عملية إعطاء الأكل، سواء للأطفال أو الحيوانات.,Commonly used for infants or animals (feeding time).,Actions & Processes,Action,"[""#Food"", ""#Care"", ""#Animals""]",Neutral,جاية من 'Food' طعام.. الـ 'Feeding' هو تقديم الـ 'Food'.,"{""A1"": ""The baby is feeding."", ""A2"": ""Feeding the dog is my job."", ""B1"": ""The birds are feeding on seeds."", ""B2"": ""Breast feeding is good for babies."", ""C1"": ""The feeding habits of lions are interesting."", ""C2"": ""The indiscriminate feeding of wildlife can disrupt the ecosystem.""}","[""breast feeding"", ""feeding time"", ""bottle feeding""]","[""eating"", ""nourishing"", ""dining""]","[""starving""]","{""en"": [""feed"", ""food"", ""eat"", ""hungry""], ""ar"": [""يطعم"", ""طعام"", ""يأكل"", ""جائع""]}","{""noun"":""feeding"",""verb"":""feed""}",تغذية,alimentation,Fütterung,alimentación,喂养 (Wèiyǎng),кормление,alimentação,給餌 (Kyūji),alimentazione,besleme,A1_17,CEFR_A1,False
474,thank,noun,A1,1,474,3,3,θæŋk,,ثَانْك,Shukr / Ḥamd,,An expression of gratitude.,كلمة شكر وامتنان، وعادة بتيجي جمع 'Thanks'.,Almost always used in the plural 'thanks' or in the phrase 'thank you'.,Social Life & Communication,Communication,"[""#Politeness"", ""#Gratitude"", ""#Social""]",Neutral,كلمة 'Thank' يعني شكر.. زي ما بتقول 'Thank you'.,"{""A1"": ""Many thanks for your help."", ""A2"": ""Give thanks to God."", ""B1"": ""We owe them a vote of thanks."", ""B2"": ""He expressed his thanks in a letter."", ""C1"": ""The event was a success, thanks to your hard work."", ""C2"": ""They offered a prayer of thanksgiving.""}","[""give thanks"", ""vote of thanks"", ""many thanks""]","[""gratitude"", ""appreciation"", ""acknowledgment""]","[""ingratitude""]","{""en"": [""thankful"", ""thankless"", ""thanksgiving""], ""ar"": [""ممتن"", ""ناكر للجميل"", ""عيد الشكر""]}","{""noun"": ""thanks"", ""verb"": ""thank"", ""adj"": ""thankful"", ""adv"": ""thankfully""}",شكر / حمد,remerciement,Dank,agradecimiento,感谢 (Gǎnxiè),благодарность,agradecimento,感謝 (Kansha),ringraziamento,teşekkür,A1_05,CEFR_A1,False
3172,coat,noun,A1,1,3172,4,5,koʊt,kəʊt,كَوْت,Miʿṭaf / Jākēt,,"An outer piece of clothing with sleeves, worn over other clothes for warmth.",الجاكيت الطويل أو التقيل اللي بنلبسه فوق الهدوم عشان يدفينا في البرد.,"Can also refer to a layer of paint (e.g., 'a coat of paint') or an animal's fur.",Objects & Tools,Object,"[""#Clothing"", ""#Winter"", ""#Fashion"", ""#Outerwear""]",Neutral,لما الجو يكون 'Cold' 'برد' لازم تلبس 'Coat' 'معطف' يدّفيك.,"{""A1"": ""I put on my warm coat."", ""A2"": ""She bought a red winter coat."", ""B1"": ""Please hang your coat near the door."", ""B2"": ""The dog has a thick shiny coat of fur."", ""C1"": ""The wall needs another coat of paint."", ""C2"": ""The virus is protected by a protein coat.""}","[""winter coat"", ""put on a coat"", ""coat of paint"", ""fur coat""]","[""jacket"", ""overcoat"", ""layer"", ""covering""]",[],"{""en"": [""jacket"", ""clothing"", ""layer"", ""fur""], ""ar"": [""سترة"", ""ملابس"", ""طبقة"", ""فراء""]}","{""noun"":""coat"",""verb"":""coat"",""adj"":""coated""}",مِعْطَف / جاكيت,manteau,Mantel,abrigo,外套 (Wàitào),пальто,casaco,コート (Kōto),cappotto,palto,A1_16,CEFR_A1,False
180,every,det,A1,1,180,3,4,ˈɛvəri,ˈevrɪ,إِفْرِي,Kull,ev•ery,All possible or probable; the utmost.,كل الاحتمالات الممكنة، أو أقصى حد.,Functions as a determiner before singular nouns.,General / Common,Quantity,"[""#Determiner"", ""#All"", ""#Grammar""]",Neutral,,"{""A1"": ""Brush your teeth every night."", ""A2"": ""Every house on the street is white."", ""B1"": ""I have every right to be angry."", ""B2"": ""There is every chance of success."", ""C1"": ""He hung on her every word."", ""C2"": ""We wish you every happiness.""}","[""every right"", ""every chance"", ""every success""]","[""maximum"", ""complete""]",[],"{""en"": [""each"", ""all""], ""ar"": [""كل"", ""جميع""]}",,كُلّ,tout,jeder,todo,每 (Měi),всякий,todo,全ての (Subete no),ogni,her,A1_03,CEFR_A1,False
856,page,noun,A1,1,856,3,3,peɪdʒ,,بَيْج,Ṣafḥa,,"One side of a sheet of paper in a book, magazine, or newspaper.",الصفحة، وش الورقة اللي في الكتاب أو الجورنال اللي بتقرأ منه.,Can also refer to a web page on the internet.,Social Life & Communication,Object,"[""#Book"", ""#Reading"", ""#Paper"", ""#Web""]",Neutral,ورق الكتب القديمة لونه 'Beige' 'بيج'.. والورقة يعني 'Page'.,"{""A1"": ""Open your book to page ten."", ""A2"": ""I wrote a full page of notes."", ""B1"": ""The story starts on the front page."", ""B2"": ""Please check the web page for details."", ""C1"": ""This event marks a new page in history."", ""C2"": ""The scandal was splashed across the front page of every tabloid.""}","[""front page"", ""web page"", ""turn the page"", ""blank page""]","[""sheet"", ""leaf"", ""folio""]",[],"{""en"": [""book"", ""paper"", ""chapter"", ""print""], ""ar"": [""كتاب"", ""ورق"", ""فصل"", ""طباعة""]}","{""noun"":""page"",""verb"":""page""}",صفحة,page,Seite,página,页 (Yè),страница,página,ページ (Pēji),pagina,sayfa,A1_09,CEFR_A1,False
133,why,adv,A1,1,133,3,3,waɪ,,واي,limadha,,For what reason or purpose.,بنستخدمها لما نسأل عن السبب أو الغرض. يعني 'ليه؟' أو 'عشان إيه؟'.,"Commonly used to ask questions, but can also express surprise (e.g., 'Why, it's you!').",Feelings & Emotions,Concept,"[""#Question"", ""#Reason"", ""#Logic""]",Neutral,كلمة 'Why' نطقها زي حرف 'Y'.. اسأل نفسك 'Why' 'ليه' حرف الـ 'Y' شكله كدة؟,"{""A1"": ""Why are you late?"", ""A2"": ""I don't know why she is crying."", ""B1"": ""That is the reason why we moved here."", ""B2"": ""Experts are trying to understand why the system failed."", ""C1"": ""Why he chose to resign remains a mystery."", ""C2"": ""One might well ask why such a policy was ever implemented.""}","[""why not"", ""that is why"", ""reason why"", ""wonder why""]","[""how come"", ""for what reason""]",[],"{""en"": [""reason"", ""cause"", ""question""], ""ar"": [""سبب"", ""سؤال"", ""استفهام""]}",,لماذا,pourquoi,warum,por qué,为什么 (Wèishéme),почему,por que,なぜ (Naze),perché,neden,A1_02,CEFR_A1,False
923,born,verb,A1,1,923,3,4,ˈbɔːrn,bɔːn,بُورْن,Wulida,,Past participle of bear; to come into the world.,هو التصريف التالت للفعل Bear، ومعناه ييجي للدنيا أو يتولد.,"Technically the past participle of 'bear', but functions almost exclusively as an adjective in this context.",General / Common,Process,"[""#Life"", ""#Birth""]",Neutral,زي ما قلنا، 'Born' يعني مولود، افتكرها بـ 'Baby'.. الاتنين بحرف الـ B.,"{""A1"": ""The baby was born yesterday."", ""A2"": ""Animals are born in the wild."", ""B1"": ""He was born to be a musician."", ""B2"": ""The company was born during the tech boom."", ""C1"": ""Hope is born from despair."", ""C2"": ""Resistance was born of oppression.""}","[""born and raised"", ""born with"", ""born of""]","[""create"", ""originate""]","[""die""]","{""en"": [""bear"", ""birth"", ""origin""], ""ar"": [""يلد"", ""ميلاد"", ""أصل""]}","{""noun"":""birth"",""verb"":""bear"",""adj"":""born""}",وُلِدّ,né,geboren,nacido,出生 (Chūshēng),родился,nascido,生まれた (Umareta),nato,doğmak,A1_09,CEFR_A1,False
5508,tomato,noun,A1,1,5508,5,5,təˈmeɪtoʊ,təˈmɑːtəʊ,تُمَيتو,Ṭamāṭim,toma•to,A glossy red fruit eaten as a vegetable in salads or cooked.,الطماطم الحمراء اللي بنحطها في السلطة أو الطبيخ.,"Botanically a fruit, culinarily a vegetable. US says 'to-may-to', UK says 'to-mah-to'.",Food & Drink,Object,"[""#Food"", ""#Vegetable"", ""#Red""]",Neutral,نفس الاسم بالعربي 'طماطم'.. سهلة.,"{""A1"": ""I like tomato soup."", ""A2"": ""She put a tomato in the salad."", ""B1"": ""We grow tomatoes in our garden."", ""B2"": ""Sun-dried tomatoes have a strong flavor."", ""C1"": ""The recipe calls for a reduction of tomato puree."", ""C2"": ""Heirloom tomato varieties are prized for their unique taste.""}","[""tomato sauce"", ""cherry tomato"", ""rotten tomato""]","[""love apple (archaic)""]",[],"{""en"": [""ketchup"", ""salad"", ""vegetable""], ""ar"": [""كاتشب"", ""سلطة"", ""خضار""]}","{""noun"":""tomato""}",طماطم,tomate,Tomate,tomate,西红柿 (Xīhóngshì),помидор,tomate,トマト (Tomato),pomodoro,domates,A1_18,CEFR_A1,False
3061,telephone,noun,A1,1,3061,4,4,ˈteləfoʊn,ˈtelɪfəʊn,تِلِفون,Hatif,tele•phone,A system or device for transmitting voices over a distance.,التليفون أو الهاتف اللي بنتكلم فيه.,Often shortened to 'phone'.,Objects & Tools,Tool,"[""#Communication"", ""#Technology"", ""#Device""]",Neutral,معروفة جداً 'Telephone' تليفون.,"{""A1"": ""I have a telephone."", ""A2"": ""The telephone is ringing."", ""B1"": ""She spoke to him on the telephone."", ""B2"": ""Telephone lines were down after the storm."", ""C1"": ""The invention of the telephone revolutionized communication."", ""C2"": ""We conducted a telephone survey.""}","[""telephone number"", ""telephone call"", ""telephone directory""]","[""phone"", ""cellphone"", ""mobile""]",[],"{""en"": [""call"", ""ring"", ""dial""], ""ar"": [""اتصال"", ""يرن"", ""يتصل""]}","{""noun"": ""telephone"", ""verb"": ""telephone"", ""adj"": ""telephonic"", ""adv"": ""telephonically""}",هاتف,téléphone,Telefon,teléfono,电话 (Diànhuà),телефон,telefone,電話 (Denwa),telefono,telefon,A1_16,CEFR_A1,False
3473,dialogue,noun,A1,1,3473,4,5,ˈdaɪ.ə.lɑːɡ,ˈdaɪ.ə.lɒɡ,دَايَلُوج,Ḥiwār,di•a•logue,"Conversation between two or more people as a feature of a book, play, or movie.",الحوار أو الكلام اللي بيدور بين شخصين أو أكتر، سواء في الحقيقة أو في فيلم.,"Spelled 'dialog' in US English sometimes, but 'dialogue' is standard.",Social Life & Communication,Communication,"[""#Conversation"", ""#Movie"", ""#Book"", ""#Talk""]",Neutral,الفيلم كان حلو بس الـ 'Dialogue' بين الممثلين كان ضعيف.,"{""A1"": ""They had a dialogue."", ""A2"": ""Read the dialogue in the book."", ""B1"": ""The movie has funny dialogue."", ""B2"": ""We need constructive dialogue to solve this."", ""C1"": ""The two countries opened a strategic dialogue."", ""C2"": ""The novel is famous for its realistic and witty dialogue.""}","[""open a dialogue"", ""constructive dialogue"", ""political dialogue"", ""dialogue box""]","[""conversation"", ""discussion"", ""talk"", ""chat""]","[""monologue""]","{""en"": [""speak"", ""discuss"", ""conversation"", ""script""], ""ar"": [""يتحدث"", ""يناقش"", ""محادثة"", ""نص""]}","{""noun"":""dialogue"",""verb"":""dialogue""}",حِوَار,dialogue,Dialog,diálogo,对话 (Duìhuà),диалог,diálogo,対話 (Taiwa),dialogo,diyalog,A1_17,CEFR_A1,False
718,list,noun,A1,1,718,3,3,lɪst,,لِسْت,Qā'ima,,"A series of names, numbers, or items written one below the other.",مجموعة أسماء أو طلبات مكتوبة تحت بعضها عشان تفتكرها أو تنظمها.,"Commonly used with verbs like 'make', 'write', or 'check'.",Social Life & Communication,Object,"[""#Organization"", ""#Writing"", ""#Planning"", ""#Data""]",Neutral,كلمة 'List' قريبة من كلمة 'لِسْتة' اللي بنستخدمها في العامية.. أعمل 'List' عشان ما تنساش.,"{""A1"": ""I have a long shopping list."", ""A2"": ""Please add my name to the list."", ""B1"": ""Make a list of everything you need for the trip."", ""B2"": ""The company is high on the list of potential investors."", ""C1"": ""His name was scrubbed from the active duty list."", ""C2"": ""The catalog contains a comprehensive list of rare manuscripts.""}","[""shopping list"", ""to-do list"", ""make a list"", ""waiting list"", ""check the list""]","[""catalog"", ""inventory"", ""register"", ""roll""]",[],"{""en"": [""listing"", ""enumerate"", ""checklist""], ""ar"": [""قائمة"", ""يعدد"", ""قائمة مرجعية""]}","{""noun"":""list"",""verb"":""list"",""adj"":""listed""}",قائمة,liste,Liste,lista,清单 (Qīngdān),список,lista,リスト (Risuto),lista,liste,A1_07,CEFR_A1,False
1005,complete,adj,A1,1,1005,3,4,kəmˈpliːt,,كُومْبْلِيت,Kāmil / Muktamil,com•plete,Having all the necessary or appropriate parts; finished.,حاجة خلصانة ومافيهاش أي نقص، كل حتتها موجودة,Can emphasize a noun (a complete disaster).,Actions & Processes,State,"[""#Whole"", ""#Finish"", ""#All"", ""#Perfect""]",Neutral,نفس نطق 'Com-plete'.. 'كوم' 'Come' 'بليت' 'Plate'.. الطبق جه 'Complete' ومليان,"{""A1"": ""The set is complete."", ""A2"": ""I need a complete list of names."", ""B1"": ""It was a complete surprise."", ""B2"": ""The work is now complete."", ""C1"": ""He is a complete stranger to me."", ""C2"": ""The manuscript is complete in every detail.""}","[""complete silence"", ""complete disaster"", ""complete set"", ""complete stranger""]","[""entire"", ""whole"", ""finished"", ""total""]","[""incomplete"", ""partial""]","{""en"": [""completion"", ""completely"", ""finish"", ""total""], ""ar"": [""إكمال"", ""تماماً"", ""إنهاء"", ""كلي""]}","{""noun"": ""completion"", ""verb"": ""complete"", ""adj"": ""complete"", ""adv"": ""completely""}",كامِل / مُكْتَمِل,complet,komplett,completo,完整 (Wánzhěng),полный,completo,完全な (Kanzen na),completo,tamam,A1_09,CEFR_A1,False
989,sea,noun,A1,1,989,3,3,siː,,سِي,Bahr / Al-bahr,,The large expanse of salt water that covers most of the earth's surface.,المية المالحة الكبيرة جداً اللي بنشوفها في المصيف وبتغطي معظم الأرض.,Use 'at sea' to mean on a voyage. Smaller than an 'ocean'.,Objects & Tools,Place,"[""#Water"", ""#Nature"", ""#Geography""]",Neutral,نطقها زي حرف 'C'.. والبحر واسع ومفتوح زي شكل الحرف.,"{""A1"": ""The sea is blue."", ""A2"": ""We swam in the sea."", ""B1"": ""The hotel has a view of the sea."", ""B2"": ""Many creatures live deep in the sea."", ""C1"": ""He was lost at sea for three days."", ""C2"": ""The company is navigating a sea of litigation.""}","[""sea level"", ""deep sea"", ""at sea""]","[""ocean"", ""waters"", ""deep""]","[""land"", ""ground""]","{""en"": [""beach"", ""wave"", ""salt"", ""ship""], ""ar"": [""شاطئ"", ""موجة"", ""ملح"", ""سفينة""]}","{""noun"":""sea"",""adj"":""marine""}",بحر / البحر,mer,Meer,mar,海 (Hǎi),море,mar,海 (Umi),mare,deniz,A1_10,CEFR_A1,False
922,enjoy,verb,A1,1,922,3,5,ɪnˈdʒɔɪ,,إِنْجوي,Yatamatta',en•joy,To take delight or pleasure in something.,يعني تستمتع وتنبسط بحاجة بتعملها.,Reflexive usage is common: 'Enjoy yourself' means 'Have a good time'.,Feelings & Emotions,Emotion,"[""#Fun"", ""#Happy"", ""#Pleasure"", ""#Like""]",Neutral,كلمة 'Enjoy' 'استمتع' جواها كلمة 'Joy' 'فرحة'.. عيش الـ 'Joy' و 'Enjoy'.,"{""A1"": ""I enjoy music."", ""A2"": ""Did you enjoy the party?"", ""B1"": ""He enjoys reading science fiction."", ""B2"": ""She enjoys a good reputation in the community."", ""C1"": ""We thoroughly enjoyed the performance."", ""C2"": ""Citizens enjoy certain rights under the constitution.""}","[""enjoy yourself"", ""enjoy life"", ""really enjoy"", ""thoroughly enjoy""]","[""like"", ""love"", ""relish"", ""appreciate""]","[""hate"", ""dislike""]","{""en"": [""joy"", ""enjoyment"", ""pleasure"", ""fun""], ""ar"": [""فرح"", ""متعة"", ""سرور"", ""مرح""]}","{""noun"": ""enjoyment"", ""verb"": ""enjoy"", ""adj"": ""enjoyable"", ""adv"": ""enjoyably""}",يتمتع,apprécier,genießen,disfrutar,享受 (Xiǎngshòu),наслаждаться,desfrutar,楽しむ (Tanoshimu),godere,zevk almak,A1_09,CEFR_A1,False
4243,homework,noun,A1,1,4243,4,5,ˈhoʊmwɝk,ˈhəʊmwɜːk,هَاوْمْ وِرْك,Wājib manzili,home•work,School work that a student is given to do at home.,الواجب اللي المدرس بيديهولك عشان تحله في البيت.,Uncountable noun (don't say 'homeworks'). Also means preparation/research in general.,Actions & Processes,Action,"[""#School"", ""#Study"", ""#Task""]",Neutral,شغل 'Work' بتعمله في البيت 'Home'.,"{""A1"": ""I do my homework every day."", ""A2"": ""Have you finished your homework?"", ""B1"": ""The teacher gave us a lot of homework."", ""B2"": ""You should do your homework before watching TV."", ""C1"": ""Before the interview, I did my homework on the company."", ""C2"": ""The politician clearly hadn't done his homework on the complex economic issue.""}","[""do homework"", ""finish homework"", ""math homework"", ""assign homework""]","[""assignment"", ""schoolwork"", ""prep""]",[],"{""en"": [""home"", ""work"", ""assignment""], ""ar"": [""مدرسة"", ""دراسة""]}","{""noun"":""homework""}",واجب منزلي,devoirs,Hausaufgaben,tarea / deberes,家庭作业 (Jiātíng zuòyè),домашнее задание,trabalho de casa,宿題 (Shukudai),compiti,ev ödevi,A1_17,CEFR_A1,True
1071,paper,adj,A1,1,1071,3,4,ˈpeɪpər,ˈpeɪpə,بَيْبَر,Waraqī,pa•per,Made of paper or relating to paper materials.,حاجة معمولة من الورق، زي كيس ورق أو طيارة ورق.,"Used as a modifier before nouns (paper bag, paper cup).",Food & Drink,Attribute,"[""#Material"", ""#Office"", ""#Disposable""]",Neutral,كلمة 'Paper' جاية من 'Papyrus' نبات البردي اللي الفراعنة عملوا منه أول ورق.,"{""A1"": ""I need a paper bag."", ""A2"": ""He made a paper plane."", ""B1"": ""We use paper cups for the party."", ""B2"": ""It was a paper victory, meaning nothing in reality."", ""C1"": ""The project exists only on paper."", ""C2"": ""They created a paper trail to hide the money.""}","[""paper bag"", ""paper cup"", ""paper towel"", ""paper money""]","[""cardboard"", ""disposable""]","[""plastic"", ""metal""]","{""en"": [""pulp"", ""sheet"", ""card""], ""ar"": [""ورق"", ""كرتون""]}","{""noun"":""paper"",""verb"":""paper"",""adj"":""paper""}",ورقي,en papier,Papier-,de papel,纸制的 (Zhǐ zhì de),бумажный,de papel,紙の (Kami no),di carta,kağıt,A1_10,CEFR_A1,False
355,job,noun,A1,1,355,3,3,dʒɑb,dʒɒb,جُوب,Wazifa,,A paid position of regular employment.,الشغل اللي بتعمله عشان تاخد فلوس، أو مهمة لازم تخلصها.,'Job' is countable (a job); 'Work' is uncountable (I have work).,Actions & Processes,Action,"[""#Work"", ""#Career"", ""#Money""]",Neutral,كلمة 'Job' قريبة من 'Jib' 'جيب'.. الـ 'Job' هو اللي بيملى الـ 'Jib' فلوس.,"{""A1"": ""I have a new job."", ""A2"": ""She is looking for a job."", ""B1"": ""He lost his job last month."", ""B2"": ""Good job on the presentation!"", ""C1"": ""It's a tough job, but someone has to do it."", ""C2"": ""The job market is very competitive right now.""}","[""full-time job"", ""good job"", ""job interview"", ""apply for a job""]","[""work"", ""occupation"", ""profession"", ""task""]","[""unemployment"", ""hobby""]","{""en"": [""career"", ""employment"", ""profession""], ""ar"": [""مسار مهني"", ""توظيف"", ""مهنة""]}","{""noun"":""job"",""adj"":""jobless""}",وظيفة,emploi,Job,trabajo,工作 (Gōngzuò),работа,emprego,仕事 (Shigoto),lavoro,iş,A1_05,CEFR_A1,True
605,list,verb,A1,1,605,3,4,lɪst,,لِسْت,Yudrij / Yusajjil,,To write names or items in a list.,إنك تكتب حاجات أو أسماء في قائمة عشان تسجلهم.,Can also mean to include something in an official record.,Social Life & Communication,Action,"[""#Recording"", ""#Writing"", ""#Data""]",Neutral,الفعل 'List' معناه تعمل 'List' 'قائمة'.. يعني تسجل الحاجات.,"{""A1"": ""Please list the things we need to buy."", ""A2"": ""The ingredients are listed on the back of the box."", ""B1"": ""He listed all his reasons for leaving the job."", ""B2"": ""The company is listed on the New York Stock Exchange."", ""C1"": ""The sheer number of grievances listed in the complaint was overwhelming."", ""C2"": ""The ship listed heavily to the starboard side after the storm.""}","[""list alphabetically"", ""list below"", ""list prices""]","[""record"", ""register"", ""enumerate"", ""itemise""]",[],"{""en"": [""listing"", ""enlist"", ""record""], ""ar"": [""سجل"", ""أدرج"", ""دون""]}","{""noun"":""list"",""verb"":""list"",""adj"":""listed""}",يُدرج / يسجل,lister,auflisten,listar,列出 (Lièchū),перечислять,listar,リストする (Risuto suru),elencare,listelemek,A1_07,CEFR_A1,False
1451,activity,noun,A1,1,1451,4,4,ækˈtɪ.və.ti,ækˈtɪvɪtɪ,أكْتِيفِتي,Nashāṭ,ac•tiv•i•ty,A situation in which a lot of things are happening or people are moving around.,أي حاجة بتعملها فيها حركة أو شغل.. زي الرياضة أو الشغل أو اللعب.,Often used in plural 'activities' for hobbies or tasks.,Actions & Processes,Action,"[""#Movement"", ""#Energy"", ""#Task""]",Neutral,جاية من 'Active'.. يعني حد كُله حركة و 'Activity'.,"{""A1"": ""Football is a fun activity."", ""A2"": ""There is a lot of activity in the market."", ""B1"": ""Physical activity is good for your health."", ""B2"": ""The police monitored criminal activity in the area."", ""C1"": ""There was a sudden flurry of activity at the stock exchange."", ""C2"": ""Seismic activity was recorded prior to the eruption.""}","[""physical activity"", ""social activity"", ""outdoor activity""]","[""action"", ""movement"", ""pursuit"", ""undertaking""]","[""inactivity"", ""idleness""]","{""en"": [""active"", ""act"", ""action""], ""ar"": [""نشيط"", ""فعل"", ""عمل""]}","{""noun"": ""activity"", ""verb"": ""act"", ""adj"": ""active"", ""adv"": ""actively""}",نَشَاط,activité,Aktivität,actividad,活动 (Huódòng),деятельность,atividade,活動 (Katsudō),attività,aktivite,A1_12,CEFR_A1,True
154,last,verb,A2,1,154,3,4,læst,lɑːst,لَاسْت,Yastamirr / Yadūm,,To continue for a specified period of time.,يعني 'يستمر' أو 'يفضل موجود' لفترة معينة.,Focuses on duration or endurance.,"Numbers, Time & Math",Time,"[""#Duration"", ""#Endurance"", ""#Time""]",Neutral,الـ 'Elastic' 'أستيك' بيفضل يمط و 'Last' 'يستمر' معاك فترة طويلة.,"{""A1"": ""The movie lasts two hours."", ""A2"": ""The meeting didn't last long."", ""B1"": ""Good shoes last a long time."", ""B2"": ""The food will last for three days."", ""C1"": ""The joy of the victory did not last."", ""C2"": ""These impressions last a lifetime.""}","[""last long"", ""last forever"", ""built to last""]","[""continue"", ""endure"", ""persist""]","[""end"", ""stop""]","{""en"": [""duration"", ""continuance""], ""ar"": [""مدة"", ""استمرار""]}","{""noun"": ""last"", ""verb"": ""last"", ""adj"": ""last"", ""adv"": ""lastly""}",يَسْتَمِرّ / يَدُوم,durer,dauern,durar,持续 (Chí xù),длиться,durar,続く (Tsuzuku),durare,sürmek,A2_01,CEFR_A2,False
913,view,noun,A2,1,913,3,3,vjuː,,فْيُو,Manzar / Ra'y,,"What you can see from a place, or an opinion about something.",المنظر اللي بتشوفه من مكان معين، أو رأيك ووجهة نظرك في موضوع.,'Point of view' means opinion. 'In view of' means considering.,Mind & Thinking,Place,"[""#Sight"", ""#Opinion"", ""#Perspective"", ""#Scenery""]",Neutral,كلمة 'View' بنستخدمها في العامية 'فيو'.. الـ 'View' من البلكونة حلو، وكمان الـ 'View' 'الرأي' بتاعك يحترم.,"{""A1"": ""The room has a nice view."", ""A2"": ""I love the view of the sea."", ""B1"": ""In my view, this is wrong."", ""B2"": ""The mountain came into view."", ""C1"": ""He holds strong political views."", ""C2"": ""In view of the facts, we must act.""}","[""point of view"", ""in my view"", ""beautiful view"", ""bird's eye view""]","[""sight"", ""scene"", ""opinion"", ""perspective""]",[],"{""en"": [""look"", ""see"", ""opinion"", ""landscape""], ""ar"": [""نظرة"", ""رؤية"", ""مشهد"", ""رأي""]}","{""noun"":""view"",""verb"":""view"",""adj"":""viewable""}",منظر / رأي,vue,Aussicht,vista,景色 (Jǐngsè),вид,vista,景色 (Keshiki),vista,manzara,A2_04,CEFR_A2,False
1271,figure,noun,A2,1,1271,3,4,ˈfɪɡjər,ˈfɪɡə,فِيجَر,Raqam / Shakl,fig•ure,"A number, especially one in official statistics, or a person's bodily shape.",بتيجي بمعنى رَقَم في إحصائية، أو شكل الجسم، وساعات بمعنى شخصية مشهورة.,Context determines meaning: 'Sales figures' (numbers) vs 'Good figure' (body shape).,Social Life & Communication,Quantity,"[""#Math"", ""#Body"", ""#Statistics""]",Neutral,كلمة 'Figure' قريبة من 'Finger' 'صُباع'.. بنعد الـ 'Figures' 'الأرقام' على الـ 'Fingers'.,"{""A1"": ""Write the figure 5 on the paper."", ""A2"": ""She has a nice figure."", ""B1"": ""The unemployment figures are high this year."", ""B2"": ""He is a key figure in the government."", ""C1"": ""The figure of speech was lost in translation."", ""C2"": ""Her salary is in the six-figure range.""}","[""key figure"", ""sales figures"", ""good figure""]","[""number"", ""digit"", ""shape"", ""physique""]",[],"{""en"": [""figurative"", ""configuration"", ""digit""], ""ar"": [""مجازي"", ""تكوين"", ""خانة""]}","{""noun"": ""figure"", ""verb"": ""figure"", ""adj"": ""figurative"", ""adv"": ""figuratively""}",رَقَم / شَكْل,chiffre,Zahl,cifra,数字 (Shùzì),цифра,figura,数字 (Sūji),figura,rakam,A2_06,CEFR_A2,False
2532,loud,adv,A2,1,2532,4,5,laʊd,,لاوْد,Eali / Bisawt eal,,With a great deal of volume; in a way that produces much noise.,لما الصوت يكون عالي جداً وقوي ومسموع بوضوح.,"Although 'loudly' is the standard adverb, 'loud' is commonly used as an adverb in informal contexts (e.g., 'Don't talk so loud').",General / Common,Attribute,"[""#Sound"", ""#Noise"", ""#Volume""]",Informal,اربطها بكلمة 'Cloud' 'سحابة'.. صوت الرعد اللي بيجي من الـ 'Cloud' بيكون 'Loud' جداً.,"{""A1"": ""Please don't speak so loud."", ""A2"": ""He laughed loud enough for everyone to hear."", ""B1"": ""The music was playing too loud for me to concentrate."", ""B2"": ""Actions speak louder than words."", ""C1"": ""The protesters shouted loud and clear against the new policy."", ""C2"": ""His silence screamed louder than any accusation could.""}","[""out loud"", ""loud enough"", ""play loud""]","[""loudly"", ""noisily"", ""audibly""]","[""quietly"", ""softly""]","{""en"": [""volume"", ""noise"", ""decibel"", ""sound""], ""ar"": [""صوت"", ""ضجيج"", ""مستوى الصوت""]}","{""noun"":""loudness"",""adj"":""loud"",""adv"":""loudly""}",عالي / عال,fort,laut,fuerte,大声地 (Dàshēng de),громко,alto,大声で (Ōgoe de),forte,yüksek sesle,A2_13,CEFR_A2,False
1342,necessary,adj,A2,1,1342,4,6,ˈnɛsəsɹɪ,ˈnesəsəri,نِسِسِرِي,Ḍarūrī,nec•es•sary,"Required to be done, achieved, or present; needed; essential.",حاجة ضرورية ومهمة جداً، مينفعش نستغنى عنها.,Often followed by 'for' or 'to'.,Objects & Tools,Attribute,"[""#Importance"", ""#Need"", ""#Requirement""]",Neutral,من 'Need'.. حاجة 'Necessary' يعني إحنا في 'Need' 'حاجة' شديدة ليها.,"{""A1"": ""Food is necessary."", ""A2"": ""It is not necessary to shout."", ""B1"": ""Sleep is necessary for good health."", ""B2"": ""He lacks the necessary skills for the job."", ""C1"": ""Changes were deemed necessary by the board."", ""C2"": ""It is a necessary evil in this industry.""}","[""absolutely necessary"", ""necessary steps"", ""necessary evil"", ""if necessary"", ""deem necessary""]","[""essential"", ""required"", ""needed"", ""vital"", ""indispensable""]","[""unnecessary"", ""optional"", ""useless""]","{""en"": [""necessity"", ""necessarily"", ""necessitate"", ""need""], ""ar"": [""ضرورة"", ""بالضرورة"", ""يستلزم"", ""حاجة""]}","{""noun"": ""necessity"", ""verb"": ""necessitate"", ""adj"": ""necessary"", ""adv"": ""necessarily""}",ضروري,nécessaire,notwendig,necesario,必要 (Bìyào),необходимый,necessário,必要な (Hitsuyōna),necessario,gerekli,A2_07,CEFR_A2,False
1184,immediately,adv,A2,1,1184,4,6,ɪˈmiːdiətli,,إميدْيَتلي,Fawran / Ḥālan,im•me•di•ate•ly,At once; instantly.,يعني فوراً، دلوقتي حالاً، من غير أي تأخير.,Stronger than 'soon'. Use it for urgent actions.,General / Common,Time,"[""#Time"", ""#Urgency"", ""#Speed""]",Neutral,كلمة 'Immediate' يعني فوري.. الـ 'Media' 'الإعلام' بينقل الأخبار 'Immediately' 'فوراً'.,"{""A1"": ""Come home immediately."", ""A2"": ""She answered the phone immediately."", ""B1"": ""The effects were felt immediately."", ""B2"": ""Immediately after the war, they moved to France."", ""C1"": ""The solution was not immediately apparent."", ""C2"": ""He recognized the handwriting immediately upon seeing the envelope.""}","[""immediately available"", ""leave immediately"", ""call immediately""]","[""instantly"", ""at once"", ""right away"", ""promptly""]","[""later"", ""eventually"", ""gradually""]","{""en"": [""immediate"", ""immediacy""], ""ar"": [""فوري"", ""فورية""]}","{""noun"":""immediacy"",""adj"":""immediate"",""adv"":""immediately""}",فوراً / حالاً,immédiatement,sofort,inmediatamente,立刻 (Lìkè),немедленно,imediatamente,直ちに (Tadachini),immediatamente,hemen,A2_06,CEFR_A2,False
4717,fork,noun,A2,1,4717,4,5,fɔːrk,fɔːk,فُورْك,Shawka,,A tool with prongs used for lifting food to the mouth or holding it when cutting.,الأداة اللي بناكل بيها وليها سنون، أو المكان اللي الطريق بينقسم فيه لاتجاهين.,Can refer to the cutlery or a divergence in a path/road.,Objects & Tools,Tool,"[""#Cutlery"", ""#Kitchen"", ""#Direction"", ""#Shape""]",Neutral,شكل حرف الـ 'F' في كلمة 'Fork' ممكن يفكرك بشكل الشوكة اللي ليها سنون.,"{""A1"": ""I eat with a fork."", ""A2"": ""Please give me a knife and a fork."", ""B1"": ""We reached a fork in the road and didn't know which way to go."", ""B2"": ""Use a garden fork to dig up the potatoes."", ""C1"": ""The river creates a fork that separates the two districts."", ""C2"": ""Metaphorically, the decision represented a fork in his career path.""}","[""knife and fork"", ""tuning fork"", ""fork in the road"", ""garden fork""]","[""prong"", ""branch"", ""split""]","[""merge""]","{""en"": [""spoon"", ""knife"", ""cutlery"", ""split""], ""ar"": [""ملعقة"", ""سكين"", ""أدوات المائدة"", ""انقسام""]}","{""noun"":""fork"",""verb"":""fork"",""adj"":""forked""}",شوكة,fourchette,Gabel,tenedor,叉子 (Chāzi),вилка,garfo,フォーク (Fōku),forchetta,çatal,A2_17,CEFR_A2,False
1971,jump,verb,A2,1,1971,4,6,dʒʌmp,,جَامْب,Al-Qafz / Qafz,,To push oneself off a surface and into the air.,ينط من مكانه لفوق أو لمكان تاني.,Can also mean to skip something ('jump the queue').,General / Common,Action,"[""#Movement"", ""#Sports"", ""#Action""]",Neutral,نفس الكلمة.. 'Jump' يعني ينط.,"{""A1"": ""I can jump high."", ""A2"": ""Don't jump on the bed."", ""B1"": ""He jumped over the fence."", ""B2"": ""Prices jumped by 10% yesterday."", ""C1"": ""Don't jump to conclusions."", ""C2"": ""She jumped at the opportunity to work abroad.""}","[""jump up"", ""jump over"", ""jump to conclusions"", ""jump for joy""]","[""leap"", ""spring"", ""bound"", ""hop""]",[],"{""en"": [""leap"", ""hop"", ""bounce""], ""ar"": [""يثب"", ""يقفز"", ""يرتد""]}","{""noun"":""jump"",""verb"":""jump"",""adj"":""jumpy""}",القفز / قفز,sauter,springen,saltar,跳 (Tiào),прыгать,pular,跳ぶ (Tobu),saltare,zıplamak,A2_10,CEFR_A2,False
107,can,noun,A2,1,107,2,3,ˈkæn,,كآن,Ulba,,A cylindrical metal container.,العلبة المعدن اللي بنحفظ فيها الأكل أو المشروبات.,"In UK English, 'tin' is often used for food containers.",Objects & Tools,Object,"[""#Container"", ""#Metal"", ""#Food""]",Neutral,الـ 'Can' 'العلبة' دي ممكن تكون 'Candy' 'حلوى'.. حط الـ 'Candy' في الـ 'Can'.,"{""A1"": ""I bought a can of soda."", ""A2"": ""We need a can opener."", ""B1"": ""He kicked the empty can down the street."", ""B2"": ""The soup comes in a can."", ""C1"": ""It's like opening a can of worms."", ""C2"": ""The production line fills thousands of cans per hour.""}","[""can of soup"", ""soda can"", ""trash can"", ""can opener""]","[""tin"", ""container""]",[],"{""en"": [""tin"", ""bottle"", ""jar""], ""ar"": [""صفيحة"", ""زجاجة"", ""برطمان""]}","{""noun"":""can"",""verb"":""can"",""adj"":""canned""}",علبة,boîte (de conserve),Dose,lata,罐头 (Guàntou),банка,lata,缶 (Kan),lattina,kutu,A2_01,CEFR_A2,False
1315,learning,noun,A2,1,1315,4,6,ˈlɜːɹ.nɪŋ,ˈlɜː.nɪŋ,لِرْنِنْج,Taʿallum / Taʿalum,learn•ing,The process of gaining knowledge or skills through study or experience.,عملية اكتساب المعرفة أو المهارات سواء بالمذاكرة أو الخبرة.,Can refer to the process or the knowledge itself.,Mind & Thinking,Process,"[""#Education"", ""#School"", ""#Knowledge"", ""#Study""]",Neutral,كلمة 'Learning' جواها كلمة 'Earn' 'يكسب'.. لأنك لما تتعلم بتكسب معرفة ومستقبل.,"{""A1"": ""Learning English is fun."", ""A2"": ""She has a learning difficulty."", ""B1"": ""Distance learning is becoming popular."", ""B2"": ""Learning a new skill takes time and patience."", ""C1"": ""The university is a center of higher learning."", ""C2"": ""Experiential learning is often more effective than rote memorization.""}","[""distance learning"", ""learning curve"", ""higher learning"", ""learning process""]","[""education"", ""study"", ""schooling"", ""knowledge"", ""acquisition""]","[""ignorance"", ""teaching""]","{""en"": [""learn"", ""learner"", ""learned"", ""teach""], ""ar"": [""يَتَعَلَّم"", ""مُتَعَلِّم"", ""مُثَقَّف"", ""يُعَلِّم""]}","{""noun"":""learning"",""verb"":""learn"",""adj"":""learned""}",تعلُّم / تعلم,apprentissage,Lernen,aprendizaje,学习 (Xuéxí),обучение,aprendizagem,学習 (Gakushū),apprendimento,öğrenme,A2_07,CEFR_A2,False
4994,headache,noun,A2,1,4994,5,6,ˈhɛdˌeɪk,ˈhedeɪk,هِدْايْك,Ṣudāʿ,,A continuous pain in the head; a cause of worry or annoyance.,صداع. وجع في الراس، وممكن نستخدمها مجازاً عن أي حاجة بتوجع الدماغ وتعمل مشاكل.,Can be literal (pain) or metaphorical (a problem).,Mind & Thinking,State,"[""#Pain"", ""#Body"", ""#Problem"", ""#Illness""]",Neutral,واضحة.. 'Head' 'رأس' + 'Ache' 'وجع',"{""A1"": ""I have a headache."", ""A2"": ""She took a pill for her headache."", ""B1"": ""Loud noise gives me a headache."", ""B2"": ""The new software is causing a real headache for the IT team."", ""C1"": ""Bureaucracy is a major headache for small businesses."", ""C2"": ""The logistical headaches associated with the merger were underestimated.""}","[""splitting headache"", ""severe headache"", ""cause a headache"", ""tension headache""]","[""migraine"", ""pain"", ""nuisance"", ""bother""]","[""relief"", ""pleasure""]","{""en"": [""pain"", ""aspirin"", ""stress""], ""ar"": [""ألم"", ""تعب"", ""إزعاج""]}","{""noun"":""headache""}",صداع,mal de tête,Kopfschmerzen,dolor de cabeza,头痛 (Tóutòng),головная боль,dor de cabeça,頭痛 (Zutsū),mal di testa,baş ağrısı,A2_18,CEFR_A2,False
2016,lawyer,noun,A2,1,2016,4,6,ˈlɔɪ.ə(ɹ),ˈlɔːjə,لُويَر,Muḥāmī,,A professional qualified to offer legal advice and represent people in court.,الشخص اللي شغلته يدافع عن الناس في المحكمة ويسترد لهم حقوقهم بالقانون.,"In the UK, lawyers are divided into 'solicitors' (advice) and 'barristers' (court). In the US, 'attorney' is common.",General / Common,Person,"[""#Law"", ""#Court"", ""#Justice"", ""#Profession""]",Neutral,كلمة 'Law' يعني قانون.. فالـ 'Lawyer' هو رجل القانون أو المحامي.,"{""A1"": ""My father is a lawyer."", ""A2"": ""You need a good lawyer to help you."", ""B1"": ""The lawyer advised him not to speak to the police."", ""B2"": ""She hired a defense lawyer for the trial."", ""C1"": ""The corporate lawyer drafted a complex merger agreement."", ""C2"": ""He is a constitutional lawyer of great repute.""}","[""defense lawyer"", ""corporate lawyer"", ""consult a lawyer"", ""hire a lawyer""]","[""attorney"", ""counsel"", ""solicitor"", ""barrister"", ""advocate""]",[],"{""en"": [""law"", ""judge"", ""court"", ""legal"", ""trial""], ""ar"": [""قانون"", ""قاضي"", ""محكمة"", ""قانوني"", ""محاكمة""]}","{""noun"":""law"",""adj"":""legal"",""adv"":""legally""}",محامي,avocat,Anwalt,abogado,律师 (Lǜshī),адвокат,advogado,弁護士 (Bengoshi),avvocato,avukat,A2_11,CEFR_A2,True
427,able,adj,A2,1,427,3,4,ˈeɪ.bl̩,ˈeɪbl,أَيْبَل,Qādir,,"Having the skill, power, or opportunity to do something.",قادر. يعني عندك القدرة أو المهارة إنك تعمل حاجة معينة,Almost always followed by 'to' (able to do something). Contrast with 'capable of'.,General / Common,Attribute,"[""#Ability"", ""#Skill"", ""#Possibility""]",Neutral,كلمة 'Able' شبه 'الإبل' 'الجمال'.. الإبل 'Able' وقادرة تمشي في الصحراء مسافات طويلة,"{""A1"": ""I am able to swim."", ""A2"": ""Will you be able to come to the party?"", ""B1"": ""She is an able student who learns quickly."", ""B2"": ""Technology has made us able to work from anywhere."", ""C1"": ""He was barely able to contain his anger."", ""C2"": ""We need an able administrator to reorganize the department.""}","[""able to"", ""barely able"", ""better able""]","[""capable"", ""competent"", ""fit"", ""skilled""]","[""unable"", ""incapable""]","{""en"": [""ability"", ""enable"", ""disabled""], ""ar"": [""قدرة"", ""يمكّن"", ""عاجز""]}","{""noun"": ""ability"", ""verb"": ""enable"", ""adj"": ""able"", ""adv"": ""ably""}",قادر,capable,fähig,capaz,能 (Néng),способный,capaz,できる (Dekiru),capace,yapabilir,A2_02,CEFR_A2,False
1478,speech,noun,A2,1,1478,4,5,spitʃ,,سْبِيتْش,Khiṭāb / Kalām,,The expression of thoughts by articulate sounds; a formal address delivered to an audience.,القدرة على الكلام، أو الخطبة اللي بيقولها حد قدام ناس.,Can mean the physical ability to speak OR a public presentation.,Social Life & Communication,Communication,"[""#Talk"", ""#Language"", ""#Public"", ""#Voice"", ""#Address""]",Neutral,تشبه 'Speed'.. الـ 'Speech' 'الخطاب' محتاج ضبط الـ 'Speed' 'السرعة' وإنت بتتكلم.,"{""A1"": ""He gave a speech."", ""A2"": ""Her speech was very clear."", ""B1"": ""Freedom of speech is important."", ""B2"": ""The president made a long speech."", ""C1"": ""He lost his power of speech after the stroke."", ""C2"": ""Her speech was full of rhetorical devices and metaphors.""}","[""make a speech"", ""give a speech"", ""freedom of speech"", ""speech therapy"", ""figure of speech""]","[""talk"", ""address"", ""lecture"", ""diction"", ""language""]","[""silence""]","{""en"": [""speak"", ""speaker"", ""spoken"", ""talk"", ""voice""], ""ar"": [""يتكلم"", ""متحدث"", ""منطوق"", ""حديث"", ""صوت""]}","{""noun"":""speech"",""verb"":""speak"",""adj"":""speechless""}",خطاب / كلام,discours / parole,Rede / Sprache,discurso / habla,演讲 (Yǎnjiǎng),речь,discurso / fala,演説 (Enzetsu),discorso,konuşma,A2_08,CEFR_A2,False
763,king,noun,A2,1,763,3,3,kiŋ,kɪŋ,كِنْج,Mlik / Malik,,The male ruler of an independent state.,الملك اللي بيحكم الدولة، أو أهم قطعة في الشطرنج.,Female equivalent is 'Queen'.,General / Common,Person,"[""#Royalty"", ""#Leader"", ""#Chess""]",Neutral,مشهورة 'King Kong'.. القرد الملك.,"{""A1"": ""The king lives in a castle."", ""A2"": ""The lion is the king of the jungle."", ""B1"": ""He was crowned king."", ""B2"": ""Checkmate the king to win."", ""C1"": ""Cotton was once king in the South."", ""C2"": ""He lived like a king.""}","[""King of England"", ""king size"", ""lion king""]","[""monarch"", ""ruler"", ""sovereign""]","[""subject"", ""commoner""]","{""en"": [""queen"", ""prince"", ""crown""], ""ar"": [""ملكة"", ""أمير"", ""تاج""]}","{""noun"":""kingdom"",""adj"":""kingly""}",ملِك / ملك,roi,König,rey,国王 (Guówáng),король,rei,王 (Ō),re,kral,A2_03,CEFR_A2,False
2391,golf,noun,A2,1,2391,4,5,ɡɑlf,ɡɒlf,جُولْف,Golf,,"A game played on a large open-air course, where a ball is struck with a club into a series of holes.",لعبة الجولف المشهورة اللي بتتلعب في ملاعب خضراء كبيرة وبنضرب الكورة بالعصاية عشان تدخل الحفرة.,You 'play' golf. The place is a 'golf course'.,Actions & Processes,Action,"[""#Sport"", ""#Game"", ""#Ball""]",Neutral,الكورة بتدخل في الـ 'Gulf' 'خليج' أو حفرة.. هي لعبة الـ 'Golf'.,"{""A1"": ""I play golf on Sundays."", ""A2"": ""Do you have golf clubs?"", ""B1"": ""He is watching a golf tournament on TV."", ""B2"": ""The hotel has an 18-hole golf course."", ""C1"": ""Golf requires patience and precision."", ""C2"": ""Networking often happens on the golf course in corporate culture.""}","[""play golf"", ""golf course"", ""golf club"", ""golf ball""]",[],[],"{""en"": [""golfer"", ""golfing""], ""ar"": [""لاعب جولف"", ""لعب الجولف""]}","{""noun"":""golf"",""verb"":""golf""}",جولف / لعبة الجولف,golf,Golf,golf,高尔夫球 (Gāo ěr fū qiú),гольф,golfe,ゴルフ (Gorufu),golf,golf,A2_12,CEFR_A2,False
4861,borrow,verb,A2,1,4861,4,5,ˈbɑːroʊ,ˈbɒrəʊ,بُورُو,Yastaʿīr,bor•row,To take and use something that belongs to someone else with the intention of returning it.,إنك تستلف حاجة من حد عشان تستخدمها وترجعها تاني.. زي لما تاخد قلم صاحبك وتكتب بيه وترجعه,"You 'borrow FROM' someone, but someone 'lends TO' you.",General / Common,Action,"[""#Money"", ""#Possession"", ""#Sharing""]",Neutral,اربطها بكلمة 'Bro' 'أخ'.. إنت دايمًا بتقول لـ 'Bro' ممكن أستلف 'Borrow' ده؟,"{""A1"": ""Can I borrow your pen?"", ""A2"": ""I need to borrow some money."", ""B1"": ""She used to borrow books from the library."", ""B2"": ""Companies often borrow money to expand their business."", ""C1"": ""He didn't hesitate to borrow heavily from classical styles."", ""C2"": ""The author tends to borrow metaphors from obscure mythology.""}","[""borrow money"", ""borrow from"", ""borrow heavily"", ""borrow a book""]","[""take"", ""lease"", ""hire"", ""adopt""]","[""lend"", ""return"", ""give""]","{""en"": [""loan"", ""lend"", ""debt"", ""credit""], ""ar"": [""قرض"", ""سلف"", ""دين""]}","{""noun"":""borrower"",""verb"":""borrow""}",يستعير,emprunter,ausleihen,pedir prestado,借 (Jiè),заимствовать,pedir emprestado,借りる (Kariru),prendere in prestito,ödünç almak,A2_17,CEFR_A2,False
4610,oven,noun,A2,1,4610,4,6,ˈʌvn,ˈʌvn,أڤِن,Furn,,An enclosed compartment for cooking and heating food.,الفرن اللي بنسوي فيه الأكل والمخبوزات.,Distinct from 'stove' (the top burners).,Objects & Tools,Tool,"[""#Kitchen"", ""#Cooking"", ""#Heat"", ""#Food""]",Neutral,الـ 'Oven' دايماً 'Open' عشان نحط الأكل، بس اقفله وانت بتطبخ!,"{""A1"": ""The oven is hot."", ""A2"": ""Put the cake in the oven."", ""B1"": ""I need to clean the oven."", ""B2"": ""Preheat the oven to 180 degrees."", ""C1"": ""It's like an oven in here today."", ""C2"": ""The pottery was fired in a kiln oven.""}","[""microwave oven"", ""preheat the oven"", ""oven mitts""]","[""stove"", ""kiln""]","[""freezer""]","{""en"": [""bake"", ""cook"", ""heat""], ""ar"": [""يخبز"", ""طبخ"", ""حرارة""]}","{""noun"":""oven""}",فرن,four,Ofen,horno,烤箱 (Kǎoxiāng),духовка,forno,オーブン (Ōbun),forno,fırın,A2_17,CEFR_A2,False
825,fight,noun,A2,1,825,3,3,faɪt,,فايْت,Qital / Shijar,,A violent confrontation or struggle against someone or something.,خناقة أو صراع بين طرفين، ممكن يكون بالإيد أو بالكلام أو حتى ضد مرض.,Use 'fight' for physical combat or arguments; 'struggle' implies difficulty without necessarily violence.,Actions & Processes,Event,"[""#Conflict"", ""#Battle"", ""#Action""]",Neutral,كلمة 'Fight' قريبة من 'فايت'.. هو 'فايت' في خناقة كبيرة.,"{""A1"": ""I saw a fight at school."", ""A2"": ""They had a big fight about money."", ""B1"": ""The fight against cancer is difficult."", ""B2"": ""The boxer won the fight in the first round."", ""C1"": ""She put up a good fight but lost the election."", ""C2"": ""The soldiers were weary from the prolonged fight.""}","[""pick a fight"", ""fist fight"", ""fight back""]","[""battle"", ""conflict"", ""struggle"", ""brawl"", ""clash""]","[""peace"", ""agreement""]","{""en"": [""fighter"", ""fighting""], ""ar"": [""مقاتل"", ""قتال""]}","{""noun"":""fight"",""verb"":""fight"",""adj"":""fighting""}",قتال / شجار,combat,Kampf,lucha,战斗 (zhàndòu),драка,luta,戦い (Tatakai),lotta,kavga,A2_03,CEFR_A2,False
2150,express,adj,A2,1,2150,4,6,ɪkˈsprɛs,ɪkˈspres,إِكْسْبْرِس,Sarie / Sarih,ex•press,Operating at high speed; or clearly stated.,حاجة سريعة ومباشرة زي القطار السريع، أو حاجة واضحة وصريحة.,Used for transport (express train) or clarity (express purpose).,Social Life & Communication,Attribute,"[""#Speed"", ""#Transport"", ""#Clear""]",Neutral,الـ 'Express' سريع زي الـ 'Press' 'الصحافة' بتنشر الأخبار بسرعة.,"{""A1"": ""I took the express bus."", ""A2"": ""It is an express service."", ""B1"": ""He came for the express purpose of seeing you."", ""B2"": ""Please send this by express mail."", ""C1"": ""It was his express wish to be cremated."", ""C2"": ""The contract contains an express provision for termination.""}","[""express train"", ""express delivery"", ""express permission""]","[""rapid"", ""fast"", ""explicit"", ""clear""]","[""slow"", ""vague""]","{""en"": [""expression"", ""expressway""], ""ar"": [""تعبير"", ""طريق سريع""]}","{""noun"": ""express"", ""verb"": ""express"", ""adj"": ""express"", ""adv"": ""expressly""}",سريع / صريح,express,Express-,expreso,特快 (tèkuài),экспресс,expresso,急行 (Kyūkō),espresso,ekspres,A2_11,CEFR_A2,True
3847,sink,verb,B1,1,3847,4,6,sɪŋk,,سِنْك,Ḥawḍ / Gharaq / Ḥafr / Bāllū'a,,To go down below the surface of a liquid; to submerge.,يعني يغرق أو ينزل تحت سطح الميه. وممكن تيجي بمعنى ينخفض أو يهبط.,"Irregular verb: sink, sank, sunk. Used for objects (ships) or abstractly (hearts sank).",Objects & Tools,Movement,"[""#Water"", ""#Down"", ""#Failure""]",Neutral,السفينة لما بتغرق بنقول عليها 'Sink'.. افتكر التايتنيك وهي بتعمل 'Sinking'.,"{""A1"": ""Stones sink in water."", ""A2"": ""The ship began to sink."", ""B1"": ""The sun started to sink below the horizon."", ""B2"": ""My heart sank when I heard the bad news."", ""C1"": ""They decided to sink their differences and work together."", ""C2"": ""The company could sink into bankruptcy if sales don't improve.""}","[""heart sank"", ""sink or swim"", ""sink into""]","[""submerge"", ""descend"", ""drop"", ""go down""]","[""float"", ""rise"", ""surface""]","{""en"": [""sinking"", ""sunken""], ""ar"": [""غرق"", ""غارق""]}","{""noun"":""sink"",""verb"":""sink"",""adj"":""sunken""}",حوض / غرق / حفر / بالوعة,couler,sinken,hundirse,下沉 (xiàchén),тонуть,afundar,沈む (shizumu),affondare,batmak,B1_14,CEFR_B1,False
3232,expand,verb,B1,1,3232,4,7,ɪkˈspænd,,إكْسْبَانْد,Yuwassiʿ / Yatamaddad,ex•pand,"To become larger in size, number, or amount.",إن الحاجة تكبر أو توسع في الحجم أو العدد.. زي لما تنفخ بالونة أو تفتح فروع جديدة للشركة.,"Used for physical growth (balloon) and abstract growth (business, knowledge).",Travel & Movement,Change,"[""#Growth"", ""#Business"", ""#Size"", ""#Increase""]",Neutral,كلمة 'Expand' فيها شبه من 'Pants' 'بنطلون'.. لما تاكل كتير بتحتاج 'Expand' الـ 'Pants' بتاعك.,"{""A1"": ""The balloon expands when you blow into it."", ""A2"": ""We need to expand the table for more guests."", ""B1"": ""The company plans to expand into Europe."", ""B2"": ""Metals expand when they get hot."", ""C1"": ""Reading helps to expand your vocabulary."", ""C2"": ""The universe continues to expand at an accelerating rate.""}","[""expand business"", ""expand rapidly"", ""expand knowledge""]","[""enlarge"", ""grow"", ""extend"", ""widen""]","[""shrink"", ""contract"", ""reduce""]","{""en"": [""expansion"", ""expanse"", ""expansive""], ""ar"": [""توسع"", ""مساحة"", ""توسعي""]}","{""noun"":""expansion"",""verb"":""expand"",""adj"":""expandable""}",يوسع / يتمدد,étendre,erweitern,expandir,扩大 (Kuòdà),расширять,expandir,拡大する (Kakudai suru),espandere,genişletmek,B1_12,CEFR_B1,False
1559,totally,adv,B1,1,1559,4,7,ˈtoʊ.t̬əl.i,ˈtəʊ.təl.i,تُوتَلي,Tamaman,to•tal•ly,Completely; absolutely; used to emphasize a statement or agreement.,يعني تماماً أو كلياً.. بنستخدمها لما نكون موافقين جداً أو بنأكد على حاجة.,Often used in spoken English to mean 'I agree' or 'definitely'.,General / Common,Quantity,"[""#Emphasis"", ""#Degree"", ""#Adverb"", ""#Agreement""]",Neutral,جاية من 'Total' 'المجموع'.. لما تدفع الـ 'Total' يبقى دفعت الحساب 'Totally' وكله تمام.,"{""A1"": ""I totally agree with you."", ""A2"": ""The house was totally destroyed."", ""B1"": ""I forgot totally about the meeting."", ""B2"": ""It was a totally different experience from what I expected."", ""C1"": ""She is totally committed to the project's success."", ""C2"": ""The premise of his argument is totally flawed.""}","[""totally different"", ""totally agree"", ""totally wrong""]","[""completely"", ""entirely"", ""wholly"", ""fully""]","[""partially"", ""slightly""]","{""en"": [""total"", ""whole"", ""complete"", ""absolute""], ""ar"": [""مجموع"", ""كامل"", ""مكتمل"", ""مطلق""]}","{""noun"": ""total"", ""verb"": ""total"", ""adj"": ""total"", ""adv"": ""totally""}",تماماً,totalement,völlig,totalmente,完全 (Wánquán),полностью,totalmente,完全に (Kanzen ni),totalmente,tamamen,B1_05,CEFR_B1,False
2961,ugly,adj,B1,1,2961,4,6,ˈʌɡli,,أَجْلِي,Qabīḥ,ug•ly,Unpleasant to look at; not attractive.,حاجة شكلها وحش ومش مريح للعين.,"Can also describe a situation involving violence or bad feelings (e.g., 'an ugly scene').",General / Common,Attribute,"[""#Appearance"", ""#Bad"", ""#Unpleasant""]",Neutral,,"{""A1"": ""The building is ugly."", ""A2"": ""It was an ugly dog."", ""B1"": ""He wore an ugly sweater."", ""B2"": ""The wound looks ugly."", ""C1"": ""The meeting turned ugly with shouting and threats."", ""C2"": ""The ugly truth about the scandal was finally revealed.""}","[""ugly face"", ""ugly scene"", ""ugly duckling""]","[""unattractive"", ""unsightly"", ""hideous""]","[""beautiful"", ""pretty"", ""attractive""]","{""en"": [""bad"", ""nasty"", ""gross""], ""ar"": [""سيء"", ""مقرف"", ""بشع""]}","{""noun"":""ugliness""}",قبيح,laid,hässlich,feo,丑陋的 (Chǒulòu de),уродливый,feio,醜い (Minikui),brutto,çirkin,B1_11,CEFR_B1,False
6497,fireplace,noun,B1,0,6497,5,7,ˈfaɪərpleɪs,,فَايَرْبْلَيس,Midfaʾa,fire•place,A space in a wall at the base of a chimney where a fire can be lit.,المكان اللي بنولع فيه النار جوه البيت عشان نتدفى 'المدفأة الحجرية'.,"Usually implies a traditional open hearth, not an electric heater.",Objects & Tools,Object,"[""#Home"", ""#Heat"", ""#Winter"", ""#Fire""]",Neutral,'Fire' 'نار' + 'Place' 'مكان'.. المكان اللي بنولع فيه النار جوه البيت.,"{""A1"": ""The cat sleeps by the fireplace."", ""A2"": ""We have a fireplace in the living room."", ""B1"": ""They lit a fire in the fireplace."", ""B2"": ""The old house features a stone fireplace."", ""C1"": ""We gathered around the fireplace telling stories."", ""C2"": ""The mantle above the fireplace was adorned with family heirlooms.""}","[""electric fireplace"", ""brick fireplace"", ""clean the fireplace""]","[""hearth"", ""grate"", ""chimney""]",[],"{""en"": [""fire"", ""chimney"", ""hearth"", ""wood""], ""ar"": [""نار"", ""مدخنة"", ""موقد"", ""خشب""]}","{""noun"":""fire""}",مدفأة,cheminée,Kamin,chimenea,壁炉 (bìlú),камин,lareira,暖炉 (danro),camino,şömine,B1_20,CEFR_B1,False
878,vote,verb,B1,1,878,3,4,voʊt,,فُوت,Yuṣawwit / Yantakhib,,To express a choice or opinion in an election or meeting.,إنك تختار شخص أو قرار في انتخابات أو اجتماع.,Usually followed by 'for' or 'against'.,Actions & Processes,Action,"[""#Politics"", ""#Action"", ""#Decision""]",Neutral,,"{""A1"": ""I vote for him."", ""A2"": ""We voted in class today."", ""B1"": ""Did you vote in the last election?"", ""B2"": ""They voted against the new law."", ""C1"": ""Employees voted to go on strike."", ""C2"": ""The committee voted unanimously to approve the budget.""}","[""vote for"", ""vote against"", ""vote in favor""]","[""elect"", ""choose"", ""select""]","[""abstain""]","{""en"": [""election"", ""voter"", ""poll""], ""ar"": [""انتخابات"", ""ناخب"", ""استطلاع""]}","{""noun"":""vote"",""verb"":""vote""}",يصوت / ينتخب,voter,wählen,votar,投票 (Tóupiào),голосовать,votar,投票する (Tōhyō suru),votare,oy vermek,B1_02,CEFR_B1,False
1734,request,verb,B1,1,1734,4,7,rɪˈkwɛst,,رِكْوِسْت,Yatlub,re•quest,To ask politely or formally for something.,تطلب حاجة بأدب أو بشكل رسمي.,"Followed directly by the object (request something), not 'request for something'.",Social Life & Communication,Communication,"[""#Politeness"", ""#Formal"", ""#Asking""]",Formal,لما تـ 'Request' 'تطلب' أغنية في الراديو، المذيع بيذيعها.,"{""A1"": ""I request a seat."", ""A2"": ""She requested a glass of water."", ""B1"": ""They requested more information."", ""B2"": ""Guests are requested not to smoke."", ""C1"": ""He requested that the meeting be postponed."", ""C2"": ""The pilot requested permission to land.""}","[""request permission"", ""request help"", ""kindly request""]","[""ask for"", ""solicit"", ""seek""]","[""reject"", ""deny""]","{""en"": [""require""], ""ar"": [""يتطلب""]}","{""noun"":""request"",""verb"":""request""}",يطلب,demander,anfordern,solicitar,请求 (Qǐngqiú),запрашивать,solicitar,頼む (Tanomu),richiedere,rica etmek,B1_06,CEFR_B1,True
937,election,noun,B1,1,937,3,5,ɪˈlɛkʃən,,إِلَكْشَن,Intikhab / Intikhabat,elec•tion,A formal group process where people vote to choose a person for a political job or position.,عملية التصويت عشان نختار شخص لمنصب معين، زي انتخابات الرئاسة أو مجلس الشعب.,"Commonly used with verbs like 'hold', 'win', or 'lose'.",Actions & Processes,Process,"[""#Voting"", ""#Politics"", ""#Democracy""]",Neutral,كلمة 'Select' يعني يختار.. والـ 'Election' هي العملية اللي بنعمل فيها 'Selection' للمرشحين.,"{""A1"": ""The election is next week."", ""A2"": ""Who won the election yesterday?"", ""B1"": ""People voted in the general election to choose a new leader."", ""B2"": ""The candidates debated important issues before the election."", ""C1"": ""Voter turnout was surprisingly low during the municipal election."", ""C2"": ""The integrity of the democratic process relies heavily on fair and transparent elections.""}","[""general election"", ""presidential election"", ""win an election"", ""election campaign""]","[""poll"", ""vote"", ""ballot""]",[],"{""en"": [""elect"", ""voter"", ""campaign"", ""ballot""], ""ar"": [""ينتخب"", ""ناخب"", ""حملة"", ""بطاقة اقتراع""]}","{""noun"":""electorate"",""verb"":""elect"",""adj"":""electoral""}",انتخاب / انتخابات,élection,Wahl,elección,选举 (Xuǎnjǔ),выборы,eleição,選挙 (Senkyo),elezione,seçim,B1_02,CEFR_B1,False
2780,aim,noun,B1,1,2780,4,5,eɪm,,إيْم,Hadaf,,A result that your plans or actions are intended to achieve.,الهدف اللي إنت عايز توصله أو تحققه من اللي بتعمله.,Similar to 'goal' or 'target'.,Mind & Thinking,Concept,"[""#Goal"", ""#Target"", ""#Purpose"", ""#Ambition""]",Neutral,الـ 'Aim' بتاعك إيه من المشروع؟ يعني هدفك إيه.,"{""A1"": ""My aim is to learn."", ""A2"": ""His aim was true."", ""B1"": ""Our main aim is quality."", ""B2"": ""She achieved her aim of becoming a doctor."", ""C1"": ""The aim of this study is to investigate the effects."", ""C2"": ""His political aims were never fully realized.""}","[""main aim"", ""achieve an aim"", ""take aim"", ""primary aim"", ""stated aim""]","[""goal"", ""purpose"", ""objective"", ""intent""]",[],"{""en"": [""target"", ""ambition"", ""plan""], ""ar"": [""هدف"", ""طموح"", ""خطة""]}","{""noun"": ""aim"", ""verb"": ""aim"", ""adj"": ""aimless"", ""adv"": ""aimlessly""}",هدف,but,Ziel,objetivo,目的 (Mùdì),цель,alvo,目的 (Mokuteki),scopo,amaç,B1_09,CEFR_B1,False
3803,pleasant,adj,B1,1,3803,4,6,ˈplezənt,,پْلِزَنْت,Laṭīf / Sārr,pleas•ant,Giving a sense of happy satisfaction or enjoyment.,حاجة لطيفة ومريحة للأعصاب وبتخليك مبسوط.,"Can describe people, places, weather, or experiences.",General / Common,Attribute,"[""#Happy"", ""#Comfort"", ""#Nice"", ""#Weather""]",Neutral,جاية من 'Please' 'يسعد'.. الحاجة الـ 'Pleasant' بتعملك سعادة ورضا.,"{""A1"": ""Have a pleasant day."", ""A2"": ""The weather is very pleasant today."", ""B1"": ""It was a pleasant surprise to see her."", ""B2"": ""He is a very pleasant young man."", ""C1"": ""We spent a pleasant afternoon walking in the park."", ""C2"": ""The room had a pleasant, albeit slightly musty, odor.""}","[""pleasant surprise"", ""pleasant atmosphere"", ""pleasant evening"", ""pleasant weather""]","[""nice"", ""agreeable"", ""enjoyable"", ""delightful""]","[""unpleasant"", ""nasty"", ""horrible""]","{""en"": [""please"", ""pleasure"", ""pleasing"", ""happy""], ""ar"": [""يسعد"", ""متعة"", ""ممتع"", ""سعيد""]}","{""noun"": ""pleasantness"", ""verb"": ""please"", ""adj"": ""pleasant"", ""adv"": ""pleasantly""}",جذاب / سار,agréable,angenehm,agradable,令人愉快的 (Lìng rén yúkuài de),приятный,agradável,楽しい (Tanoshii),piacevole,hoş,B1_13,CEFR_B1,False
4463,fairy,noun,B1,0,4463,4,6,ˈfɛɹi,ˈfeərɪ,فَيْرِي,Jinniyyah,,A small imaginary being of human form that has magical powers.,كائن خيالي صغير غالبًا بيبقى عنده جناحات وقوى سحرية، بيظهر في قصص الأطفال.,Often associated with 'tales' (fairy tales).,General / Common,Object,"[""#Magic"", ""#Fantasy"", ""#Story"", ""#Myth""]",Neutral,'Fairy' و 'Fair' 'جميل'.. غالبًا الـ 'Fairy' بتكون جميلة وطيبة في القصص.,"{""A1"": ""The fairy can fly."", ""A2"": ""She read a fairy tale."", ""B1"": ""The tooth fairy left a coin under my pillow."", ""B2"": ""The children dressed up as fairies for the party."", ""C1"": ""Folklore is full of stories about fairies and goblins."", ""C2"": ""The ethereal quality of the music suggested the presence of fairies.""}","[""fairy tale"", ""tooth fairy"", ""fairy godmother"", ""fairy wings""]","[""sprite"", ""pixie"", ""elf"", ""nymph""]",[],"{""en"": [""magic"", ""wing"", ""story"", ""fantasy""], ""ar"": [""سحر"", ""جناح"", ""قصة"", ""خيال""]}","{""noun"":""fairy""}",جِنِّيَّة,fée,Fee,hada,仙女 (Xiānnǚ),фея,fada,妖精 (Yōsei),fata,peri,B1_15,CEFR_B1,False
2171,wave,verb,B1,1,2171,4,6,weɪv,,وَيْڤ,Yulawwiḥ / Yatamawwaj,,"To move one's hand back and forth as a greeting or signal, or to move with an undulating motion.",يعني تحرك إيدك يمين وشمال عشان تشاور لحد، أو لما البحر يعمل موجات وتتحرك.,Commonly used for greetings ('wave hello') or physical movement ('flag waving').,General / Common,Movement,"[""#Gesture"", ""#Ocean"", ""#Motion"", ""#Greeting""]",Neutral,اربطها بكلمة 'Way' 'طريق'.. وأنت ماشي في الـ 'Way' بتعمل 'Wave' بإيدك لصحابك.,"{""A1"": ""I wave to my mom every morning."", ""A2"": ""She waved goodbye from the train window."", ""B1"": ""The red flag waved in the wind."", ""B2"": ""The crowd waved their hands in the air to the music."", ""C1"": ""A feeling of panic waved over him suddenly."", ""C2"": ""The politician waved aside the difficult questions from the press.""}","[""wave goodbye"", ""wave a hand"", ""huge wave"", ""heat wave""]","[""signal"", ""gesture"", ""flap"", ""flutter""]",[],"{""en"": [""ocean"", ""tide"", ""current"", ""signal""], ""ar"": [""محيط"", ""مد"", ""تيار"", ""إشارة""]}","{""noun"":""wave"",""verb"":""wave"",""adj"":""wavy""}",يلوّح / يتموّج,faire signe,winken,saludar con la mano,挥手 (Huīshǒu),махать,acenar,手を振る (Te o furu),salutare,el sallamak,B1_07,CEFR_B1,False
2052,plenty,noun,B1,1,2052,4,6,ˈplɛnti,,بْلِنْتي,Wafra / Kathir,plen•ty,A large amount; as much as you need or more.,كمية كبيرة، أو وفرة من الشيء، أكتر من اللي محتاجه.,Usually followed by 'of' (plenty of time). Used in positive contexts.,General / Common,Quantity,"[""#Amount"", ""#Abundance"", ""#Supply""]",Neutral,كلمة 'Plenty' تشبه 'Plane' 'طيارة'.. الطيارة دايماً فيها 'Plenty' of seats 'مقاعد كتير'.,"{""A1"": ""We have plenty of food."", ""A2"": ""Don't rush, there is plenty of time."", ""B1"": ""There are plenty of opportunities for young people."", ""B2"": ""Make sure you drink plenty of water."", ""C1"": ""Despite the drought, there was plenty in the storehouses."", ""C2"": ""They lived in a land of peace and plenty.""}","[""plenty of time"", ""plenty of room"", ""plenty of money"", ""plenty of water"", ""horn of plenty""]","[""abundance"", ""lots"", ""wealth"", ""profusion""]","[""scarcity"", ""lack"", ""shortage""]","{""en"": [""plentiful"", ""enough"", ""sufficient"", ""ample""], ""ar"": [""وفير"", ""كاف"", ""كثير"", ""وافر""]}","{""noun"":""plentitude"",""adj"":""plentiful"",""adv"":""plentifully""}",وفرة / كثير,beaucoup,Fülle,abundancia,丰富 (Fēngfù),множество,abundância,豊富 (Hōfu),abbondanza,bolluk,B1_06,CEFR_B1,False
806,cool,verb,B1,1,806,3,4,kul,kuːl,كُول,Yubarrid / Yahdaʾ,,To become lower in temperature or to become calmer.,يعني تبرد حاجة سخنة، أو تهدي حد متعصب.,Often used with 'down' (cool down).,General / Common,Change,"[""#Temperature"", ""#Emotion"", ""#Weather""]",Neutral,الفعل من 'Cool'.. يعني يخلي الحاجة 'Cool' 'باردة'.,"{""A1"": ""Let the soup cool."", ""A2"": ""The wind helped to cool the room."", ""B1"": ""I need to cool down after my run."", ""B2"": ""You should wait for his anger to cool."", ""C1"": ""Relations between the two countries have cooled recently."", ""C2"": ""The government took measures to cool the overheating economy.""}","[""cool down"", ""cool off"", ""cooling system""]","[""chill"", ""calm"", ""refrigerate""]","[""heat"", ""warm"", ""agitate""]","{""en"": [""chill"", ""freeze"", ""calm""], ""ar"": [""يجمد"", ""يهدئ"", ""تبريد""]}","{""noun"":""cooler"",""verb"":""cool"",""adj"":""cool""}",يبرد / يهدأ,refroidir,abkühlen,enfriar,冷却 (Lěngquè),остужать,esfriar,冷やす (Hiyasu),raffreddare,soğutmak,B1_02,CEFR_B1,False
6603,gardener,noun,B1,0,6603,5,7,ˈɡɑrdnər,ˈɡɑːdnə,جَارْدْنَر,Bustani / Bustany,gar•den•er,A person who tends and cultivates a garden.,الشخص اللي بيزرع ويهتم بالجنينة والورد.,Can be a job or a hobby.,General / Common,Person,"[""#Nature"", ""#Jobs"", ""#Plants""]",Neutral,من 'Garden'.. الـ 'Gardener' هو اللي عايش في الـ 'Garden'.,"{""A1"": ""The gardener waters the plants."", ""A2"": ""My father is a good gardener."", ""B1"": ""We hired a gardener to cut the grass."", ""B2"": ""The head gardener manages the estate grounds."", ""C1"": ""She is an enthusiastic amateur gardener."", ""C2"": ""The landscape gardener designed a beautiful Japanese garden.""}","[""landscape gardener"", ""keen gardener"", ""head gardener""]","[""horticulturist"", ""landscaper""]",[],"{""en"": [""garden"", ""gardening""], ""ar"": [""حديقة"", ""بستنة""]}","{""noun"":""gardener"",""verb"":""garden"",""adj"":""gardening""}",بستاني,jardinier,Gärtner,jardinero,园丁 (Yuándīng),садовник,jardineiro,庭師 (Niwashi),giardiniere,bahçıvan,B1_20,CEFR_B1,False
3670,export,verb,B1,1,3670,4,7,ɪkˈspɔɹt,ɪkˈspɔːt,إِكْسْبُورت,Yuṣaddir,ex•port,To send goods to another country for sale.,يبعث بضاعة لبلد تانية عشان يبيعها هناك.,Stress on the SECOND syllable (ex-PORT) for the verb.,Objects & Tools,Action,"[""#Trade"", ""#Shipping"", ""#Economy""]",Neutral,عكس 'Import' 'يستورد'.. 'Ex' يعني يخرج.. يبقى 'Export' يصدر.,"{""A1"": ""They export cars."", ""A2"": ""We export fruit to other countries."", ""B1"": ""The company exports 50% of its production."", ""B2"": ""They hope to export their technology worldwide."", ""C1"": ""The nation exports raw materials and imports finished goods."", ""C2"": ""Attempts to export democracy to the region have failed.""}","[""export goods"", ""export to"", ""export worldwide""]","[""sell abroad"", ""ship overseas""]","[""import""]","{""en"": [""exporter"", ""exportation"", ""import""], ""ar"": [""مُصَدِّر"", ""تصدير"", ""استيراد""]}","{""noun"":""export"",""verb"":""export"",""adj"":""exportable""}",يصدّر,exporter,exportieren,exportar,出口 (Chūkǒu),экспортировать,exportar,輸出する (Yushutsu suru),esportare,ihraç etmek,B1_13,CEFR_B1,False
777,performance,noun,B1,1,777,3,6,pəˈfɔːɹ.məns,,بَرْفورْمَنْس,Adā',per•for•mance,"The act of presenting a play or concert, or how well a person or machine does a task.",يعني أداء، سواء كان عرض مسرحي أو موسيقي، أو حتى مستوى الشغل اللي بتقدمه في وظيفتك.,"Can refer to artistic shows or technical efficiency (e.g., high-performance car).",Social Life & Communication,Action,"[""#Show"", ""#Work"", ""#Efficiency"", ""#Art""]",Neutral,عشان تعمل 'Performance' 'أداء' عالي في الجيم، لازم تكون في الـ 'Form' 'الفورمة'.,"{""A1"": ""The band gave a good performance."", ""A2"": ""I enjoyed the theater performance."", ""B1"": ""His performance at work has improved."", ""B2"": ""The car is known for its high performance."", ""C1"": ""We need to evaluate the performance of the new software."", ""C2"": ""The economic performance of the country exceeded expectations.""}","[""high performance"", ""live performance"", ""performance review"", ""poor performance""]","[""show"", ""presentation"", ""functioning"", ""execution""]","[""failure""]","{""en"": [""perform"", ""performer"", ""stage"", ""act""], ""ar"": [""يؤدي"", ""مؤدي"", ""مسرح"", ""فعل""]}","{""noun"":""performance"",""verb"":""perform"",""adj"":""performing""}",أداء,performance,Leistung,rendimiento,表现 (Biǎoxiàn),представление,desempenho,パフォーマンス (Pafōmansu),prestazione,performans,B1_02,CEFR_B1,True
3253,flood,verb,B1,1,3253,4,6,flʌd,,فْلَد,Yafīḍ / Yaghmar,,To cover with water; to arrive in large numbers.,يغرق المكان بالماية، أو لما حاجات كتير تيجي مرة واحدة 'زي الرسايل أو الناس'.,Transitive (flood the room) or Intransitive (the river flooded).,Nature & Science,Action,"[""#Disaster"", ""#Water"", ""#Action"", ""#Quantity""]",Neutral,زي الاسم 'Flood'.. الفعل معناه إن الماية تغرق الدنيا أو الناس تهجم زي الطوفان.,"{""A1"": ""The rain flooded the street."", ""A2"": ""Don't flood the engine."", ""B1"": ""The river might flood if it rains more."", ""B2"": ""Light flooded into the room when I opened the curtains."", ""C1"": ""Refugees flooded across the border."", ""C2"": ""Cheap imports have flooded the market.""}","[""flood the market"", ""flood with light"", ""river floods"", ""flood back""]","[""inundate"", ""swamp"", ""overflow"", ""submerge""]","[""dry up"", ""drain""]","{""en"": [""flow"", ""pour"", ""surge""], ""ar"": [""يتدفق"", ""يصب"", ""يندفع""]}","{""noun"":""flood"",""adj"":""flooded""}",يفيض / يغمر,inonder,überfluten,inundar,淹没 (Yānmò),затоплять,inundar,氾濫する (Hanran suru),inondare,su basmak,B1_12,CEFR_B1,True
2707,sharp,adj,B1,1,2707,4,5,ʃɑːp,ʃɑːp,شَارْب,Ḥādd,,Having an edge or point that is able to cut or pierce something.,حاجة حامية أو مسنونة بتقطع كويس، أو شخص ذكي ونبيه.,"Can describe objects (knife), pain (sharp pain), or intellect (sharp mind).",Social Life & Communication,Attribute,"[""#Edge"", ""#Cut"", ""#Pain"", ""#Smart""]",Neutral,اربطها بـ 'Shark' 'قرش'.. سنان الـ 'Shark' بتبقى 'Sharp' 'حادة' جداً.,"{""A1"": ""This knife is sharp."", ""A2"": ""Be careful, the edge is sharp."", ""B1"": ""I felt a sharp pain in my leg."", ""B2"": ""The meeting starts at 9:00 sharp (exactly)."", ""C1"": ""She has a sharp tongue and can be critical."", ""C2"": ""There was a sharp contrast between their lifestyles.""}","[""sharp knife"", ""sharp pain"", ""sharp mind"", ""look sharp""]","[""keen"", ""acute"", ""pointed"", ""cutting"", ""intelligent""]","[""dull"", ""blunt"", ""stupid"", ""mild""]","{""en"": [""sharpen"", ""sharpness"", ""sharply"", ""cut""], ""ar"": [""يسن"", ""حدة"", ""بحدة"", ""يقطع""]}","{""noun"":""sharpness"",""verb"":""sharpen"",""adv"":""sharply""}",حاد,tranchant,scharf,afilado,锋利的 (Fēnglì de),острый,afiado,鋭い (Surudoi),affilato,keskin,B1_10,CEFR_B1,False
2165,native,adj,B1,1,2165,4,6,ˈneɪ.tɪv,,نايْتِف,Maḥallī / Aṣlī,na•tive,Associated with the place where a person was born.,أصلي أو محلي، زي لما تقول دي لغتي الأم 'Native language' أو ده موطني الأصلي.,"Can describe people, plants, animals, or languages.",General / Common,Attribute,"[""#Origin"", ""#Place"", ""#Birth"", ""#Local""]",Neutral,جاية من 'Nation' أمة.. الـ 'Native' هو ابن الأمة أو البلد الأصلي.,"{""A1"": ""He is a native speaker of English."", ""A2"": ""This animal is native to Australia."", ""B1"": ""She returned to her native country."", ""B2"": ""The native population welcomed the visitors."", ""C1"": ""He displayed a native wit that charmed everyone."", ""C2"": ""The plant is not native to this region and is considered invasive.""}","[""native speaker"", ""native language"", ""native country"", ""native land""]","[""indigenous"", ""local"", ""original"", ""homegrown""]","[""foreign"", ""alien"", ""immigrant""]","{""en"": [""nation"", ""nature"", ""born"", ""origin""], ""ar"": [""أمة"", ""طبيعة"", ""مولود"", ""أصل""]}","{""noun"":""native"",""adj"":""native"",""adv"":""natively""}",أصلي / محلي,natal,einheimisch,nativo,本地的 (Běndì de),родной,nativo,地元の (Jimoto no),nativo,yerli,B1_07,CEFR_B1,False
2818,anxiety,noun,B2,1,2818,4,7,æŋˈzaɪəti,æŋˈzaɪətɪ,آنْجْزآيَتي,Qalaq,anx•i•ety,"A feeling of worry, nervousness, or unease, typically about an imminent event.",شعور بالقلق والتوتر والخوف من حاجة هتحصل أو مش عارف نتيجتها إيه.,Can refer to a medical condition (Anxiety Disorder) or a temporary feeling.,General / Common,Emotion,"[""#MentalHealth"", ""#Worry"", ""#Stress""]",Neutral,جزء من كلمة 'Anxious' 'قلقان'.. وكمان شبه 'Angst' يعني خوف وقلق.,"{""A1"": ""He feels anxiety before tests."", ""A2"": ""Her anxiety keeps her awake at night."", ""B1"": ""Music helps reduce my anxiety levels."", ""B2"": ""There is growing anxiety about the economic situation."", ""C1"": ""She suffers from chronic social anxiety."", ""C2"": ""The existential anxiety portrayed in the novel reflects the post-war era.""}","[""high anxiety"", ""reduce anxiety"", ""anxiety attack"", ""social anxiety""]","[""worry"", ""concern"", ""unease"", ""stress""]","[""calmness"", ""serenity"", ""confidence""]","{""en"": [""anxious"", ""nervous"", ""panic""], ""ar"": [""قلق"", ""متوتر"", ""ذعر""]}","{""adj"":""anxious"",""adv"":""anxiously""}",قلق,anxiété,Angst,ansiedad,焦虑 (Jiāolǜ),тревога,ansiedade,不安 (Fuan),ansia,endişe,B2_11,CEFR_B2,False
7229,unsteady,adj,B2,0,7229,6,7,ʌnˈstɛdi,ʌnˈstedi,أَنْسْتِدِي,Ghayr mustaqirr / Mutaqallib,un•steady,Not stable or firm; shaking or moving slightly.,مش ثابت أو بيتهز. ممكن تتقال على مشية حد دايخ أو إيد بتترعش.,"Can refer to physical stability (legs, hands) or abstract concepts (unsteady market).",General / Common,State,"[""#Balance"", ""#Movement"", ""#Stability"", ""#Health""]",Neutral,'Steady' يعني ثابت.. 'Unsteady' يعني غير ثابت أو مهتز.,"{""A1"": ""The table is unsteady."", ""A2"": ""He felt unsteady on his feet."", ""B1"": ""She held the cup with an unsteady hand."", ""B2"": ""The political situation in the region remains unsteady."", ""C1"": ""His breathing was shallow and unsteady after the run."", ""C2"": ""The unsteady flickering of the candle cast eerie shadows on the wall.""}","[""unsteady gait"", ""unsteady hand"", ""unsteady voice"", ""unsteady feet""]","[""wobbly"", ""shaky"", ""unstable"", ""insecure""]","[""steady"", ""stable"", ""firm""]","{""en"": [""steady"", ""steadiness"", ""steadily""], ""ar"": [""ثبات"", ""استقرار"", ""توازن""]}","{""noun"":""unsteadiness"",""adv"":""unsteadily""}",غير مستقر / متقلب,instable,unsicher,inestable,不稳定的 (bù wěn dìng de),неустойчивый,instável,不安定な (fuantei na),instabile,kararsız,B2_38,CEFR_B2,False
2090,numerous,adj,B2,1,2090,4,7,ˈnuː.mə.ɹəs,ˈnjuː.mə.rəs,نُومَرَس,Adīd / Kammiyya hā'ila / Muta'addid,nu•mer•ous,Great in number; many.,يعني كتير جداً أو عديد. بنستخدمها لما يكون فيه عدد كبير من الأشخاص أو الأشياء.,More formal than 'many' or 'lots of'.,General / Common,Quantity,"[""#Quantity"", ""#Many"", ""#Count""]",Neutral,جاية من 'Number' يعني رقم.. 'Numerous' يعني أرقامها كتيرة جداً.,"{""A1"": ""He has numerous books."", ""A2"": ""There are numerous reasons to visit."", ""B1"": ""She has numerous friends in the city."", ""B2"": ""Numerous attempts have been made to solve the problem."", ""C1"": ""The project faced numerous setbacks before succeeding."", ""C2"": ""Despite numerous objections, the law was passed.""}","[""numerous occasions"", ""numerous attempts"", ""numerous studies""]","[""many"", ""countless"", ""abundant"", ""frequent""]","[""few"", ""scarce""]","{""en"": [""number"", ""numerical"", ""enumerate""], ""ar"": [""رقم"", ""رقمي"", ""يعدد""]}","{""noun"": ""number"", ""verb"": ""enumerate"", ""adj"": ""numerous"", ""adv"": ""numerously""}",عديد / كمية هائلة / متعدد,nombreux,zahlreich,numeroso,许多 (xǔduō),многочисленный,numeroso,多数の (tasū no),numeroso,sayısız,B2_06,CEFR_B2,False
4907,honesty,noun,B2,1,4907,5,7,ˈɒnəsti,ˈɒnəstɪ,أُونِسْتِي,Al-ṣidq / Amānah,hon•esty,The quality of being truthful and upright.,صفة الصدق والأمانة، إنك تقول الحقيقة وماتغشش ولا تسرق.,A core moral virtue; often paired with 'integrity'.,General / Common,Quality,"[""#Truth"", ""#Virtue"", ""#Character""]",Neutral,جاية من 'Honest'.. الـ 'Honesty' هي إنك تكون 'Honest' 'صادق' وماتكدبش.,"{""A1"": ""Honesty is good."", ""A2"": ""I like his honesty."", ""B1"": ""Honesty is the best policy."", ""B2"": ""They appreciated her honesty about the mistake."", ""C1"": ""Intellectual honesty requires us to admit when we are wrong."", ""C2"": ""His reputation for absolute honesty made him the perfect judge.""}","[""brutal honesty"", ""appreciate honesty"", ""question someone's honesty""]","[""truthfulness"", ""sincerity"", ""integrity"", ""candor""]","[""dishonesty"", ""deceit"", ""lying""]","{""en"": [""honest"", ""honestly"", ""truth""], ""ar"": [""صادق"", ""بصدق"", ""حقيقة""]}","{""noun"":""honesty"",""adj"":""honest"",""adv"":""honestly""}",الصدق / أمانة,honnêteté,Ehrlichkeit,honestidad,诚实 (Chéngshí),честность,honestidade,正直 (Shōjiki),onestà,dürüstlük,B2_25,CEFR_B2,False
2565,brief,adj,B2,1,2565,4,5,brif,,بْرِيف,Mūjaz / Qaṣīr,,Lasting only a short time; concise.,حاجة قصيرة وسريعة، أو كلام قليل بس بيوصل المعنى من غير رغي كتير.,Can describe time (brief visit) or clothing (brief shorts).,Social Life & Communication,Time,"[""#Time"", ""#Short"", ""#Summary""]",Neutral,اربطها بـ 'Briefcase'.. الشنطة اللي بنحط فيها الأوراق المهمة والملخصات الـ 'Brief'.,"{""A1"": ""It was a brief chat."", ""A2"": ""We had a brief holiday."", ""B1"": ""Please be brief."", ""B2"": ""He gave a brief summary of the news."", ""C1"": ""Life is brief."", ""C2"": ""The attorney filed a brief with the court.""}","[""brief time"", ""brief moment"", ""in brief"", ""brief encounter""]","[""short"", ""concise"", ""fleeting"", ""quick"", ""terse""]","[""long"", ""lengthy"", ""prolonged""]","{""en"": [""briefly"", ""brevity"", ""shorten""], ""ar"": [""إيجاز"", ""اختصار"", ""لحظة""]}","{""noun"":""brief"",""verb"":""brief"",""adv"":""briefly""}",موجز / قصير,bref,kurz,breve,简短 (Jiǎnduǎn),краткий,breve,短い (Mijikai),breve,kısa,B2_09,CEFR_B2,False
4908,perfection,noun,B2,0,4908,5,7,pɚˈfɛkʃən,pəˈfekʃən,بِرْفِكْشَن,Kamāl,per•fec•tion,The state or quality of being free from all flaws or defects.,الكمال، إن الحاجة تكون مظبوطة 100% ومفيهاش أي غلطة.,Often used in phrases like 'to perfection' (perfectly).,General / Common,Quality,"[""#Flawless"", ""#Best"", ""#Ideal""]",Neutral,جاية من 'Perfect' 'مثالي'.. 'Perfection' هو الوصول للمثالية.,"{""A1"": ""She wants perfection."", ""A2"": ""The cake was perfection."", ""B1"": ""He strives for perfection in his work."", ""B2"": ""The steak was cooked to perfection."", ""C1"": ""Perfection is an impossible standard to achieve."", ""C2"": ""The technical perfection of the performance left the audience in awe.""}","[""strive for perfection"", ""cooked to perfection"", ""absolute perfection""]","[""excellence"", ""flawlessness"", ""ideal"", ""preciseness""]","[""imperfection"", ""flaw"", ""defect""]","{""en"": [""perfect"", ""perfectly"", ""perfectible""], ""ar"": [""مثالي"", ""بشكل مثالي"", ""قابل للتحسين""]}","{""noun"": ""perfection"", ""verb"": ""perfect"", ""adj"": ""perfect"", ""adv"": ""perfectly""}",الكمال,perfection,Perfektion,perfección,完美 (Wánměi),совершенство,perfeição,完璧 (Kanpeki),perfezione,mükemmellik,B2_25,CEFR_B2,False
5055,puzzle,noun,B2,1,5055,5,7,ˈpʌzl,,بَازِل,Lughz,puz•zle,"A game, toy, or problem designed to test ingenuity or knowledge.",لعبة أو مسألة محتاجة تفكير وذكاء عشان تحلها، زي تجميع الصور أو الكلمات المتقاطعة.,Can refer to a physical game (jigsaw) or a confusing situation.,Social Life & Communication,Object,"[""#Game"", ""#Mystery"", ""#Logic"", ""#Confusion""]",Neutral,كلمة 'Puzzle' بتفكرنا بكلمة 'بازل' اللي بنركب قطعها.. الاتنين محتاجين تفكير وتجميع.,"{""A1"": ""This is a fun puzzle."", ""A2"": ""I bought a puzzle for my son."", ""B1"": ""The crossword puzzle was too hard for me."", ""B2"": ""The meaning of the poem has always been a puzzle to readers."", ""C1"": ""Scientists are trying to solve the puzzle of how the universe began."", ""C2"": ""The geopolitical situation remains a complex puzzle for diplomats to unravel.""}","[""jigsaw puzzle"", ""solve a puzzle"", ""crossword puzzle"", ""complete a puzzle""]","[""riddle"", ""enigma"", ""mystery"", ""brainteaser""]","[""solution"", ""explanation""]","{""en"": [""piece"", ""solve"", ""confuse"", ""game""], ""ar"": [""قطعة"", ""حل"", ""يحير"", ""لعبة""]}","{""noun"": ""puzzlement"", ""verb"": ""puzzle"", ""adj"": ""puzzling"", ""adv"": ""puzzlingly""}",لغز,puzzle,Rätsel,rompecabezas,谜 (Mí),головоломка,quebra-cabeça,パズル (Pazuru),rompicapo,bulmaca,B2_26,CEFR_B2,False
893,terms,noun,B2,1,893,3,6,tɜːrmz,tɜːmz,تِيرمز,Shurut / Mustalahat,,The conditions of an agreement; or specific words used to describe something.,ليها معنيين: شروط الاتفاق اللي لازم تمشي عليها، أو المصطلحات والكلمات الخاصة بمجال معين.,Often plural. 'In terms of' means 'regarding'.,General / Common,Concept,"[""#Contract"", ""#Language"", ""#Conditions""]",Neutral,جاية من 'Term' يعني مدة أو فصل دراسي.. وكمان 'Terms' يعني شروط الاتفاق اللي لازم تمشي عليها طول المدة دي.,"{""A1"": ""Read the terms carefully."", ""A2"": ""What are the terms of the contract?"", ""B1"": ""He spoke in glowing terms about you."", ""B2"": ""We must come to terms with the situation."", ""C1"": ""The terms of the treaty were violated."", ""C2"": ""In existential terms, the choice is meaningless.""}","[""terms and conditions"", ""come to terms"", ""in terms of"", ""legal terms""]","[""conditions"", ""provisions"", ""terminology""]",[],"{""en"": [""terminology"", ""term"", ""terminal""], ""ar"": [""مصطلحات"", ""فصل دراسي"", ""نهائي""]}","{""noun"": ""term"", ""verb"": ""term"", ""adj"": ""terminal"", ""adv"": ""terminally""}",شروط / مصطلحات,conditions,Bedingungen,términos,条款 (Tiáokuǎn),условия,termos,条件 (Jōken),termini,şartlar,B2_02,CEFR_B2,False
3165,tag,noun,B2,1,3165,4,5,tæɡ,,تاج,Bitaqa / 'Alama,,A label attached to someone or something for the purpose of identification.,تيكيت أو بطاقة، الورقة الصغيرة اللي بتبقى في الهدوم عليها السعر، أو أي علامة تعريف.,Also used in social media (tagging a friend).,Social Life & Communication,Object,"[""#Label"", ""#Shopping"", ""#SocialMedia"", ""#Name""]",Neutral,زي الـ 'Hashtag'.. علامة بتحطها عشان تعرف الحاجة.,"{""A1"": ""Look at the price tag."", ""A2"": ""My bag has a name tag."", ""B1"": ""She cut the tag off her new dress."", ""B2"": ""The electronic tag monitors the prisoner's location."", ""C1"": ""The graffiti artist left his tag on the wall."", ""C2"": ""HTML tags define the structure of the webpage.""}","[""price tag"", ""name tag"", ""dog tag"", ""electronic tag""]","[""label"", ""ticket"", ""marker"", ""sticker""]",[],"{""en"": [""label"", ""mark"", ""badge""], ""ar"": [""ملصق"", ""علامة"", ""شارة""]}","{""noun"":""tag"",""verb"":""tag"",""adj"":""tagged""}",علامة / بطاقة,étiquette,Etikett,etiqueta,标签 (Biāoqiān),ярлык,etiqueta,タグ (Tagu),etichetta,etiket,B2_11,CEFR_B2,False
4875,expectation,noun,B2,1,4875,5,7,ɛkspɛkˈteɪʃən,ˌekspekˈteɪʃən,إِكْسْبِكْتَيْشَن,Tawaqquʿ,ex•pec•ta•tion,A strong belief that something will happen or be the case in the future.,التوقع أو الأمل اللي عندك إن حاجة معينة هتحصل في المستقبل.,"Often plural 'expectations' when referring to standards (e.g., meet expectations).",Mind & Thinking,Concept,"[""#Future"", ""#Belief"", ""#Hope"", ""#Standard""]",Neutral,من الفعل 'Expect' 'يتوقع'.. الـ 'Expectation' هو التوقع اللي راسمه في خيالك.,"{""A1"": ""I have no expectation of winning."", ""A2"": ""The trip exceeded my expectations."", ""B1"": ""There is a general expectation that prices will rise."", ""B2"": ""She worked hard to live up to her parents' expectations."", ""C1"": ""The expectation of a quick victory was unrealistic."", ""C2"": ""Managing public expectation is a crucial part of the strategy.""}","[""high expectation"", ""meet expectations"", ""exceed expectations"", ""contrary to expectation""]","[""belief"", ""anticipation"", ""prospect"", ""hope"", ""assumption""]","[""surprise"", ""disbelief"", ""doubt""]","{""en"": [""expect"", ""expectant"", ""expected"", ""anticipation""], ""ar"": [""يتوقع"", ""متوقع"", ""منتظر"", ""ترقب""]}","{""verb"":""expect"",""adj"":""expectant"",""adv"":""expectantly""}",توقع,attente,Erwartung,expectativa,期望 (Qīwàng),ожидание,expectativa,期待 (Kitai),aspettativa,beklenti,B2_25,CEFR_B2,False
3802,slight,adj,B2,1,3802,4,5,slaɪt,,سْلَايْت,Ṭafīf / Basīṭ,,Small in degree; inconsiderable.,حاجة بسيطة جداً أو خفيفة، مش كبيرة أو ملحوظة أوي.,"Often used with 'increase', 'change', or 'problem' to minimize impact.",Actions & Processes,Quantity,"[""#Size"", ""#Degree"", ""#Small"", ""#Adjective""]",Neutral,كلمة 'Light' يعني خفيف.. و 'Slight' يعني تغيير 'خفيف' وبسيط.,"{""A1"": ""I have a slight cold."", ""A2"": ""There is a slight difference between them."", ""B1"": ""We saw a slight improvement in sales."", ""B2"": ""She felt a slight pain in her arm."", ""C1"": ""He took offense at the slight hesitation in her voice."", ""C2"": ""The distinction is so slight as to be negligible in practical terms.""}","[""slight increase"", ""slight change"", ""slight difference"", ""slight problem""]","[""small"", ""minor"", ""tiny"", ""modest"", ""insignificant""]","[""significant"", ""major"", ""considerable""]","{""en"": [""little"", ""bit"", ""faint"", ""marginal""], ""ar"": [""قليل"", ""جزء"", ""باهت"", ""هامشي""]}","{""noun"": ""slight"", ""verb"": ""slight"", ""adj"": ""slight"", ""adv"": ""slightly""}",طفيف,léger,gering,leve,轻微 (Qīngwēi),незначительный,leve,わずかな (Wazukana),leggero,hafif,B2_18,CEFR_B2,False
5805,interval,noun,B2,1,5805,5,7,ˈɪntərvl,,إِنْتَرْفَل,Fatra / Fasil,in•ter•val,An intervening time or space; a pause or break.,فاصل زمني أو استراحة بين فترتين، زي الاستراحة اللي في نص المسرحية.,Common in sports (interval training) and theater.,"Numbers, Time & Math",Time,"[""#Time"", ""#Break"", ""#Music""]",Neutral,'Inter' يعني 'بين'.. الـ 'Interval' هي الفترة اللي بتدخل 'بين' فقرات الحفلة أو الماتش.,"{""A1"": ""There was a short interval."", ""A2"": ""We met at regular intervals."", ""B1"": ""The interval between the two events was long."", ""B2"": ""There will be a 20-minute interval during the performance."", ""C1"": ""High-intensity interval training is very effective for burning fat."", ""C2"": ""The intervals between the recurring signals suggest an intelligent origin.""}","[""regular intervals"", ""time interval"", ""at intervals""]","[""break"", ""pause"", ""gap""]","[""continuity""]","{""en"": [""period"", ""space"", ""time"", ""intermission""], ""ar"": [""فترة"", ""مسافة"", ""وقت"", ""استراحة""]}",,فاصل / فترة,intervalle,Intervall,intervalo,间隔 (Jiàngé),интервал,intervalo,間隔 (Kankaku),intervallo,aralık,B2_31,CEFR_B2,False
2896,output,noun,B2,1,2896,4,6,ˈaʊtpʊt,ˈaʊtpʊt,أَوْتْپُت,Mukhragāt / Intāj,out•put,"The amount of something that a person, machine, or organization produces.",كمية الشغل أو المنتجات اللي بتطلع من مصنع أو ماكينة أو حتى شخص.,Common in computing (input/output) and economics.,Objects & Tools,Quantity,"[""#Production"", ""#Data"", ""#Result""]",Neutral,'Out' 'خارج' + 'Put' 'يضع'.. الشيء اللي بيتحط 'Out' برة الماكينة هو الـ 'Output'.,"{""A1"": ""The machine has a high output."", ""A2"": ""We need to increase our daily output."", ""B1"": ""The computer's audio output is very clear."", ""B2"": ""Industrial output fell by 2% last year."", ""C1"": ""His literary output was astonishing for such a short life."", ""C2"": ""The aggregate output of the economy has stagnated.""}","[""industrial output"", ""total output"", ""output device""]","[""production"", ""yield"", ""product""]","[""input""]","{""en"": [""produce"", ""outcome"", ""result""], ""ar"": [""يُنْتِج"", ""نَتِيجَة"", ""حَصِيلَة""]}","{""noun"":""output"",""verb"":""output""}",مخرجات / إنتاج,production,Ausstoß,producción,产量 (Chǎnliàng),выпуск,saída,出力 (Shutsuryoku),produzione,çıktı,B2_12,CEFR_B2,False
3682,terrorism,noun,B2,1,3682,4,7,ˈtɛɹəˌɹɪzəm,ˈterərɪzm,تِرَريزَم,Irhab,ter•ror•ism,"The unlawful use of violence and intimidation, especially against civilians, in the pursuit of political aims.",الإرهاب، استخدام العنف والتخويف ضد الناس عشان يحققوا أهداف سياسية.,A very strong and serious political term.,Actions & Processes,Action,"[""#Violence"", ""#Politics"", ""#Crime"", ""#Fear""]",Neutral,من 'Terror' 'رُعب'.. الإرهاب هدفه نشر الرعب.,"{""A1"": ""Terrorism is bad."", ""A2"": ""We must stop terrorism."", ""B1"": ""The news reported an act of terrorism."", ""B2"": ""International terrorism is a global threat."", ""C1"": ""Governments are cooperating to fight terrorism."", ""C2"": ""The definition of terrorism is often debated in international law.""}","[""fight terrorism"", ""act of terrorism"", ""war on terrorism"", ""domestic terrorism""]","[""extremism"", ""radicalism"", ""violence""]","[""peace"", ""security""]","{""en"": [""terror"", ""terrorist"", ""terrify""], ""ar"": [""رعب"", ""إرهابي"", ""يرعب""]}","{""noun"":""terrorist"",""verb"":""terrorize""}",إرهاب,terrorisme,Terrorismus,terrorismo,恐怖主义 (Kǒngbù zhǔyì),терроризм,terrorismo,テロリズム (Terorizumu),terrorismo,terörizm,B2_17,CEFR_B2,False
6431,discourage,verb,B2,1,6431,5,7,dɪsˈkʌr.ɪdʒ,,دِسْكارِدْج,Yuḥbiṭ / Yuthabbiṭ,dis•cour•age,To cause someone to lose confidence or enthusiasm; to try to prevent something.,إنك تحبط حد وتخليه يفقد الحماس، أو تحاول تمنعه عن عمل حاجة.,Opposite of 'encourage'. Can apply to feelings (feeling discouraged) or actions (discourage smoking).,Social Life & Communication,Action,"[""#Motivation"", ""#Prevention"", ""#Negative"", ""#Influence""]",Neutral,عكس 'Encourage' 'يشجع'.. 'Dis' للنفي + 'Courage' 'شجاعة'.. يعني بتشيل الشجاعة منه.,"{""A1"": ""Don't discourage him."", ""A2"": ""Bad weather can discourage people from going out."", ""B1"": ""My parents tried to discourage me from acting."", ""B2"": ""High prices are meant to discourage smoking."", ""C1"": ""The complexity of the form is enough to discourage many applicants."", ""C2"": ""We must actively discourage such behavior in the workplace.""}","[""discourage someone from"", ""actively discourage"", ""feel discouraged""]","[""deter"", ""dissuade"", ""demotivate"", ""dampen""]","[""encourage"", ""inspire"", ""motivate""]","{""en"": [""courage"", ""encouragement"", ""deterrent""], ""ar"": [""شجاعة"", ""تشجيع"", ""رادع""]}","{""noun"": ""discouragement"", ""verb"": ""discourage"", ""adj"": ""discouraged"", ""adv"": ""discouragingly""}",يُحْبِط / يُثَبِّط,décourager,entmutigen,desanimar,使气馁 (Shǐ qìněi),обескураживать,desencorajar,落胆させる (Rakutan saseru),scoraggiare,cesaretini kırmak,B2_35,CEFR_B2,False
5521,farther,adj,B2,0,5521,5,7,ˈfɑːrðər,,فَارْذَر,Abʿad,far•ther,At or to a greater distance.,أبعد في المسافة 'للمسافات المادية'.,"'Farther' is for physical distance; 'Further' is for metaphorical distance (e.g., further details).",General / Common,Relation,"[""#Distance"", ""#Space"", ""#Location"", ""#Comparison""]",Neutral,'Far' 'بعيد' + 'Ther' 'مقارنة'.. يعني أبعد.,"{""A1"": ""My house is farther than yours."", ""A2"": ""We walked farther down the road."", ""B1"": ""The station is farther than I thought."", ""B2"": ""They moved to a town farther north."", ""C1"": ""The farther we go, the colder it gets."", ""C2"": ""Without a map, we didn't dare venture any farther into the jungle.""}","[""farther away"", ""look farther"", ""go farther""]","[""more distant"", ""remoter""]","[""nearer"", ""closer""]","{""en"": [""far"", ""further"", ""distance""], ""ar"": [""بعيد"", ""إضافي"", ""مسافة""]}","{""adj"":""farther"",""adv"":""farther""}",أبعد,plus loin,weiter,más lejos,更远的 (Gèng yuǎn de),дальше,mais longe,もっと遠くに (Motto tōku ni),più lontano,daha uzak,B2_29,CEFR_B2,False
3572,parallel,noun,B2,1,3572,4,7,ˈpærəlel,ˈpærəlel,بَارَالِيل,Muwāzī / Muwāzin,par•al•lel,A person or thing that is similar or analogous to another.,حاجة مشابهة جداً لحاجة تانية، أو مقارنة بين شيئين فيهم نفس الصفات.,Often used in the phrase 'draw a parallel' meaning to show a similarity.,General / Common,Relation,"[""#Comparison"", ""#Similarity"", ""#Analogy""]",Neutral,كلمة 'Parallel' فيها حرفين 'll'.. شبه بعض بالظبط، زي ما بنعمل 'Parallel' أو تشابه بين حاجتين.,"{""A1"": ""This story has no parallel."", ""A2"": ""Can you see the parallel between these two cases?"", ""B1"": ""The book draws a parallel between modern life and ancient Rome."", ""B2"": ""There are many parallels between the two wars."", ""C1"": ""It is difficult to find a parallel for this situation in history."", ""C2"": ""The author constructs a subtle parallel between the protagonist's journey and the nation's history.""}","[""draw a parallel"", ""without parallel"", ""historical parallel""]","[""similarity"", ""analogy"", ""counterpart"", ""equivalent""]","[""difference"", ""opposite""]","{""en"": [""analogy"", ""comparison"", ""match""], ""ar"": [""تشبيه"", ""مقارنة"", ""تطابق""]}","{""noun"":""parallel"",""verb"":""parallel"",""adj"":""parallel""}",موازي / مواز,parallèle,Parallele,paralelo,类似物 (Lèisìwù),параллель,paralelo,類似 (Ruiji),parallelo,benzerlik,B2_16,CEFR_B2,False
6719,trainee,noun,B2,0,6719,5,7,tɹeɪˈni,treɪˈni:,تْرَيْنِي,Al-mutadarrib / Mutadarrib,,A person who is learning and practicing the skills of a particular job.,الشخص اللي لسه بيتدرب في الشغل ومش موظف كامل، بيتعلم الأساسيات.,"Suffix '-ee' denotes the receiver of action (trainee is trained), unlike '-er' (trainer trains).",General / Common,Person,"[""#Job"", ""#Learning"", ""#Beginner"", ""#Work""]",Neutral,من 'Train' 'يدرب'.. الـ 'Trainee' هو اللي بيتدرب.,"{""A1"": ""He is a trainee."", ""A2"": ""The trainee works hard."", ""B1"": ""I started as a management trainee."", ""B2"": ""The company hired five new trainees this month."", ""C1"": ""The trainee solicitor was given a heavy workload."", ""C2"": ""She quickly advanced from a trainee to a full partner.""}","[""management trainee"", ""trainee program"", ""new trainee"", ""graduate trainee""]","[""apprentice"", ""learner"", ""intern"", ""novice""]","[""trainer"", ""expert"", ""professional""]","{""en"": [""train"", ""trainer"", ""training""], ""ar"": [""يدرب"", ""مدرب"", ""تدريب""]}","{""noun"":""trainee"",""verb"":""train"",""adj"":""trained""}",المتدرب / متدرب,stagiaire,Auszubildender,aprendiz,受训者 (Shòuxùnzhě),стажёр,estagiário,研修生 (Kenshūsei),tirocinante,stajyer,B2_36,CEFR_B2,False
5596,merry,adj,B2,0,5596,5,7,ˈmɛri,ˈmeri,مِري,Marih / Mubtahij,mer•ry,Cheerful and lively.,يعني فرحان ومبسوط.. زي لما بنقول في الأعياد,Slightly old-fashioned outside of phrases like 'Merry Christmas'.,General / Common,Emotion,"[""#Happiness"", ""#Celebration"", ""#Joy"", ""#Christmas""]",Neutral,زي 'Merry Christmas'.. يعني عيد سعيد ومرح,"{""A1"": ""Merry Christmas!"", ""A2"": ""They had a merry time."", ""B1"": ""A merry group of friends laughed loudly."", ""B2"": ""Eat, drink, and be merry."", ""C1"": ""He whistled a merry tune."", ""C2"": ""The merry-go-round spun in the park.""}","[""Merry Christmas"", ""make merry"", ""merry widow""]","[""cheerful"", ""jolly"", ""joyful"", ""happy""]","[""sad"", ""miserable"", ""gloomy""]","{""en"": [""mirth"", ""merriment"", ""happy""], ""ar"": [""فرح"", ""بهجة"", ""سرور""]}","{""noun"":""merriment"",""adj"":""merry"",""adv"":""merrily""}",مَرِح / مُبْتَهِج,joyeux,fröhlich,alegre,愉快的 (Yúkuài de),veselyy,alegre,陽気な (Yōki na),allegro,neşeli,B2_29,CEFR_B2,False
2522,unknown,adj,B2,1,2522,4,6,ʌnˈnoʊn,,أَنّاون,Majhūl / Ghayr maʿrūf,un•known,Not known or familiar.,غير معروف أو مجهول، حاجة محدش عارفها أو شافها قبل كده.,Can refer to people (an unknown artist) or facts (cause of fire is unknown).,Travel & Movement,State,"[""#Mystery"", ""#Knowledge"", ""#Identity"", ""#Status""]",Neutral,عكس 'Known' 'معروف'.. الـ 'Unknown' هو المجهول اللي محدش يعرفه.,"{""A1"": ""The address is unknown."", ""A2"": ""He is unknown in this town."", ""B1"": ""The cause of the problem is still unknown."", ""B2"": ""They traveled to an unknown destination."", ""C1"": ""The soldier was buried in the Tomb of the Unknown Soldier."", ""C2"": ""We are venturing into the unknown depths of the ocean.""}","[""unknown origin"", ""unknown reason"", ""unknown soldier"", ""virtually unknown""]","[""unidentified"", ""unfamiliar"", ""anonymous"", ""obscure"", ""nameless""]","[""known"", ""famous"", ""familiar"", ""celebrated""]","{""en"": [""know"", ""knowledge"", ""knowing""], ""ar"": [""يعرف"", ""معرفة"", ""عارف""]}","{""noun"": ""unknown"", ""verb"": ""know"", ""adj"": ""unknown"", ""adv"": ""unknowingly""}",مَجْهُول / غَيْر مَعْرُوف,inconnu,unbekannt,desconocido,未知的 (Wèizhī de),неизвестный,desconhecido,未知の (Michi no),sconosciuto,bilinmeyen,B2_09,CEFR_B2,False
5322,reservoir,noun,C1,0,5322,5,8,ˈɹɛzəvwɑːɹ,ˈrezəvwɑː,رِزَرْفْوَار,Khazzān / Buḥayra ṣināʿiyya,reser•voir,A large natural or artificial lake used as a source of water supply.,خزان مياه كبير أو بحيرة صناعية بنحوش فيها الماية عشان نستخدمها بعدين.,"Can also be used metaphorically for a large supply of something (e.g., 'reservoir of talent').","Numbers, Time & Math",Place,"[""#Water"", ""#Storage"", ""#Geography""]",Neutral,جاية من 'Reserve' 'يحجز/يخزن'.. الـ 'Reservoir' هو المكان اللي بنعمل فيه Reserve للماية.,"{""A1"": ""The water is in the reservoir."", ""A2"": ""We walked around the reservoir."", ""B1"": ""The city gets its water from a nearby reservoir."", ""B2"": ""The reservoir levels are low this summer."", ""C1"": ""The university is a reservoir of scientific talent."", ""C2"": ""The virus can survive in an animal reservoir before infecting humans.""}","[""water reservoir"", ""underground reservoir"", ""natural reservoir"", ""reservoir of knowledge""]","[""pool"", ""lake"", ""basin"", ""store""]",[],"{""en"": [""reserve"", ""reservation"", ""tank"", ""dam""], ""ar"": [""احتياطي"", ""سد"", ""خزان""]}",,خزان / بحيرة صناعية,réservoir,Stausee,embalse,水库 (Shuǐkù),водохранилище,reservatório,貯水池 (Chosuichi),serbatoio,rezervuar,C1_19,CEFR_C1,False
4987,grasp,verb,C1,1,4987,5,8,ɡɹæsp,ɡrɑːsp,جْرَاسْب,Yumsik / Yafham,,To seize and hold firmly; to understand fully.,يمسك حاجة جامد بإيده، أو يفهم موضوع صعب ويستوعبه.,Can imply a quick or eager action 'grasp the opportunity'.,Mind & Thinking,Action,"[""#Action"", ""#Knowledge"", ""#Control""]",Neutral,نفس فكرة 'Grab'.. بس 'Grasp' فيها معنى إنك متبت في الحاجة أو متبت في الفكرة وفهمتها.,"{""A1"": ""Grasp the handle firmly."", ""A2"": ""He grasped my hand."", ""B1"": ""You should grasp this opportunity."", ""B2"": ""I couldn't quite grasp what he meant."", ""C1"": ""It took time to grasp the complexity of the situation."", ""C2"": ""The theory is difficult to grasp for the uninitiated.""}","[""grasp the nettle"", ""grasp an opportunity"", ""grasp the meaning"", ""fail to grasp""]","[""seize"", ""clutch"", ""comprehend"", ""realize""]","[""release"", ""misunderstand""]","{""en"": [""grab"", ""hold"", ""understand""], ""ar"": [""يمسك"", ""يفهم""]}","{""noun"":""grasp"",""verb"":""grasp"",""adj"":""grasping""}",يمسك / يفهم,saisir,greifen,agarrar,抓住 (Zhuāzhù),схватывать,agarrar,掴む (Tsukamu),afferrare,kavramak,C1_15,CEFR_C1,False
6077,indictment,noun,C1,1,6077,5,9,ɪnˈdaɪt.mənt,,إِنْدَايْتْمَنْت,Lāʾiḥat Ittihām,in•dict•ment,A formal charge or accusation of a serious crime.,اتهام رسمي في المحكمة، أو دليل قوي على إن فيه حاجة غلط في النظام.,The 'c' is silent! Pronounced 'in-dite-ment'.,Social Life & Communication,Communication,"[""#Law"", ""#Court"", ""#Crime"", ""#Justice""]",Formal,في نصها كلمة 'Dict' زي 'Dictate' 'يملي'.. الـ 'Indictment' هي الوثيقة اللي بتتملى فيها الاتهامات.,"{""A1"": ""Wait for the indictment."", ""A2"": ""The indictment listed his crimes."", ""B1"": ""He faced an indictment for fraud."", ""B2"": ""The grand jury issued an indictment against the mayor."", ""C1"": ""The report serves as a damning indictment of the education system."", ""C2"": ""The prosecutor secured an indictment on multiple counts of corruption.""}","[""bring an indictment"", ""damning indictment"", ""federal indictment"", ""sealed indictment""]","[""charge"", ""accusation"", ""allegation"", ""impeachment""]","[""acquittal"", ""exoneration""]","{""en"": [""indict"", ""accuse"", ""charge"", ""prosecute""], ""ar"": [""يتهم"", ""اتهام"", ""يقاضي"", ""ادعاء""]}","{""noun"":""indicter"",""verb"":""indict"",""adj"":""indictable""}",لائحة اتهام,acte d'accusation,Anklage,acusación formal,起诉书 (Qǐsù shū),обвинительный акт,indiciamento,起訴 (Kiso),rinvio a giudizio,iddianame,C1_25,CEFR_C1,False
7083,creditor,noun,C1,0,7083,5,9,ˈkrɛdɪtər,ˈkrɛdɪtə,كْرِدِتَر,Al-dā'in / Dā'in,cred•i•tor,A person or company to whom money is owed.,الدائن، الشخص أو البنك اللي ليه فلوس عند حد تاني.,Opposite of 'Debtor' (the one who owes). Think Credit Card -> Bank is the Creditor.,General / Common,Person,"[""#Debt"", ""#Money"", ""#Bank""]",Neutral,جاي من 'Credit' 'ائتمان'.. الـ 'Creditor' هو اللي بيديك الـ Credit ده,"{""A1"": ""I paid the creditor."", ""A2"": ""The bank is my creditor."", ""B1"": ""He owes money to several creditors."", ""B2"": ""The company met with its creditors to discuss payment."", ""C1"": ""The creditors voted to liquidate the assets."", ""C2"": ""Secured creditors have priority over unsecured ones in bankruptcy.""}","[""secured creditor"", ""pay creditors"", ""creditor protection""]","[""lender"", ""loaner"", ""banker""]","[""debtor"", ""borrower""]","{""en"": [""credit"", ""credible"", ""accredit""], ""ar"": [""دَين"", ""قرض"", ""سداد""]}","{""noun"":""creditor"",""verb"":""credit"",""adj"":""creditable""}",الدائن / دائن,créancier,Gläubiger,acreedor,债权人 (Zhàiquánrén),кредитор,credor,債権者 (Saikensha),creditore,alacaklı,C1_36,CEFR_C1,False
6824,purchaser,noun,C1,0,6824,5,9,ˈpɜːrtʃəsər,,بِرْتِشَسَر,Mushtarī,pur•chas•er,A person who buys something.,الشخص اللي بيدفع فلوس عشان يشتري حاجة، زي الزبون بس كلمة رسمية شوية.,More formal than 'buyer'.,General / Common,Person,"[""#Business"", ""#Shopping"", ""#Trade""]",Formal,جاي من 'Purchase' 'شراء'.. الـ 'Purchaser' هو اللي بيتمم الصفقة.,"{""A1"": ""The purchaser pays money."", ""A2"": ""He is the purchaser of the car."", ""B1"": ""The purchaser signed the contract."", ""B2"": ""We need to find a purchaser for the house."", ""C1"": ""The prospective purchaser inspected the property."", ""C2"": ""The warranty is only valid for the original purchaser.""}","[""potential purchaser"", ""prospective purchaser"", ""find a purchaser""]","[""buyer"", ""customer"", ""consumer""]","[""seller"", ""vendor""]","{""en"": [""purchase"", ""buy"", ""sale""], ""ar"": [""شراء"", ""يشتري"", ""بيع""]}","{""noun"":""purchaser"",""verb"":""purchase"",""adj"":""purchasable""}",مشتري,acheteur,Käufer,comprador,购买者 (Gòumǎizhě),покупатель,comprador,購入者 (Kōnyūsha),acquirente,alıcı,C1_33,CEFR_C1,False
6964,modesty,noun,C1,0,6964,5,8,ˈmɑdəsti,ˈmɒdɪstɪ,مُدِسْتي,Tawadue,mod•esty,The quality of being humble and not vain.,التواضع، إنك ما تتفاخرش بنفسك زيادة عن اللزوم، وتكون بسيط في تعاملك ولبسك.,Can refer to behavior (humility) or dress (decency).,General / Common,Attribute,"[""#Character"", ""#Virtue"", ""#Behavior""]",Neutral,جاية من 'Mode' 'طريقة'.. طريقتك تكون 'Modest' 'متواضعة' ومش مغرورة.,"{""A1"": ""She shows great modesty."", ""A2"": ""Modesty is a good quality."", ""B1"": ""He accepted the award with modesty."", ""B2"": ""Her modesty prevented her from bragging about her success."", ""C1"": ""The modesty of the building belied its expensive interior."", ""C2"": ""False modesty can sometimes be more annoying than arrogance.""}","[""false modesty"", ""with modesty"", ""modesty forbade""]","[""humility"", ""shyness"", ""reserve"", ""simplicity""]","[""arrogance"", ""vanity"", ""pride""]","{""en"": [""modest"", ""mode"", ""moderate"", ""humble""], ""ar"": [""متواضع"", ""طريقة"", ""معتدل"", ""خاشع""]}","{""noun"":""modesty"",""adj"":""modest"",""adv"":""modestly""}",تواضع,modestie,Bescheidenheit,modestia,谦逊 (Qiānxùn),скромность,modéstia,謙虚 (Kenkyo),modestia,alçakgönüllülük,C1_35,CEFR_C1,False
4084,ash,noun,C1,1,4084,4,8,æʃ,,أَش,Ramād,,The soft gray powder that remains after something has been burned.,البودرة الرصاصي اللي بتفضل بعد ما الخشب أو السجاير تتحرق.,Can also refer to a type of tree (Ash tree).,Food & Drink,Object,"[""#Fire"", ""#Residue"", ""#Volcano""]",Neutral,صوت 'أش'.. كأن حاجة اتحرقت وبقت رماد. أو افتكر 'Ashtray' 'طفاية السجائر'.,"{""A1"": ""There is ash in the fireplace."", ""A2"": ""Cigarette ash is dirty."", ""B1"": ""The volcano threw ash into the air."", ""B2"": ""She cleaned the ash from the stove."", ""C1"": ""The city was covered in volcanic ash."", ""C2"": ""From the ashes of the old empire, a new nation was born.""}","[""volcanic ash"", ""cigarette ash"", ""rise from the ashes"", ""turn to ash""]","[""cinders"", ""soot"", ""residue""]",[],"{""en"": [""fire"", ""burn"", ""smoke"", ""volcano""], ""ar"": [""نار"", ""حرق"", ""دخان"", ""بركان""]}","{""noun"":""ash"",""adj"":""ashen""}",رماد,cendre,Asche,ceniza,灰 (Huī),пепел,cinza,灰 (Hai),cenere,kül,C1_09,CEFR_C1,False
6384,wicket,noun,C1,0,6384,5,8,ˈwɪkɪt,,وِيكِت,Bawaabat saghira / Al-Waykiat,wick•et,"A small door or gate, especially one beside a larger one.",باب صغير أو شباك تذاكر، أو في الكريكيت العواميد اللي ورا اللاعب.,Most common in Cricket context (the stumps).,Objects & Tools,Object,"[""#Cricket"", ""#Architecture"", ""#Sports""]",Neutral,'Wicket' قريبة من 'Ticket'.. بتشتري الـ 'Ticket' من الـ 'Wicket' 'الشباك الصغير'.,"{""A1"": ""The wicket is small."", ""A2"": ""Open the wicket gate."", ""B1"": ""He bought a ticket at the wicket."", ""B2"": ""The bowler hit the wicket."", ""C1"": ""They lost five wickets in the match."", ""C2"": ""The medieval castle had a small wicket for late arrivals.""}","[""wicket gate"", ""take a wicket"", ""sticky wicket""]","[""gate"", ""door"", ""stumps""]",[],"{""en"": [""cricket"", ""gatekeeper""], ""ar"": [""كريكيت"", ""بوابة""]}","{""noun"":""wicket""}",بوابة صغيرة,guichet,Pförtchen,ventanilla,小门 (Xiǎomén),калитка,postigo,ウィケット (Wiketto),sportello,gişe,C1_28,CEFR_C1,False
6650,ox,noun,C1,0,6650,5,8,ˈɒks,ˈɑks,أُوكْس,Thawr,,A castrated bull used as a draft animal.,الثور اللي بيستخدموه في الحقل لجر المحراث.,"Plural is 'oxen'. Used for labor, unlike a regular bull.",Nature & Science,Object,"[""#Animal"", ""#Farm"", ""#Strength""]",Neutral,حيوان قوي بيجر المحراث.. كلمة قصيرة 'Ox' بس بتوصف حيوان ضخم.,"{""A1"": ""The ox is big."", ""A2"": ""The ox pulls the cart."", ""B1"": ""Farmers use oxen to plow fields."", ""B2"": ""The ox is a symbol of strength."", ""C1"": ""They roasted a whole ox for the feast."", ""C2"": ""The yoke was heavy on the neck of the ox.""}","[""strong as an ox"", ""ox cart"", ""wild ox""]","[""bull"", ""steer"", ""bullock""]",[],"{""en"": [""oxen"", ""cow"", ""bull""], ""ar"": [""ثيران"", ""بقرة"", ""ثور""]}","{""noun"":""ox""}",ثَوْر,bœuf,Ochse,buey,公牛 (Gōngniú),вол,boi,雄牛 (Oushi),bue,öküz,C1_31,CEFR_C1,False
4969,dense,adj,C1,1,4969,5,7,dens,,دِنْس,Kathīfah / Kathīf / Kathth,,Closely compacted in substance; having parts crowded together.,حاجة مليانة ومكبوسة في بعضها، زي غابة شجرها كتير أو ضباب تقيل مش شايف منه حاجة.,"Can describe physical objects (fog, forest) or abstract concepts (dense writing).",General / Common,Quality,"[""#Physics"", ""#Nature"", ""#Texture"", ""#Crowded""]",Neutral,كلمة 'Dense' قريبة من 'Dance'.. تخيل صالة رقص زحمة جداً والناس 'Dense' يعني لازقين في بعض.,"{""A1"": ""The forest is thick."", ""A2"": ""We walked through dense fog."", ""B1"": ""The population is very dense in the city center."", ""B2"": ""This cake has a very dense texture."", ""C1"": ""The book is difficult due to its dense prose."", ""C2"": ""Neutron stars are composed of incredibly dense matter.""}","[""dense fog"", ""dense forest"", ""dense population"", ""nutrient dense""]","[""thick"", ""compact"", ""crowded"", ""compressed""]","[""sparse"", ""thin"", ""light""]","{""en"": [""density"", ""thick"", ""heavy"", ""solid""], ""ar"": [""كثافة"", ""سميك"", ""ثقيل"", ""صلb""]}","{""noun"": ""density"", ""verb"": ""densify"", ""adj"": ""dense"", ""adv"": ""densely""}",كثيفة / كثيف / كث,dense,dicht,denso,密集的 (Mìjí de),плотный,denso,密集した (Misshū shita),denso,yoğun,C1_15,CEFR_C1,False
5786,forge,verb,C1,1,5786,5,8,fɔːrdʒ,,فُورْج,Yaṣūgh / Yuzawwir,,To make or shape a metal object by heating it; OR to produce a fraudulent copy.,ليها معنيين: يا إما يشكل الحديد بالنار، يا إما يزور حاجة زي توقيع أو فلوس.,Context determines meaning: 'forge a sword' vs 'forge a signature'. Also 'forge a relationship' (build strong).,Objects & Tools,Action,"[""#Create"", ""#Crime"", ""#Metal""]",Neutral,زي ما الحداد بيشكل الحديد، المزور ممكن 'Forge' توقيع يعني 'يشكله' ويزوره.,"{""A1"": ""He forges metal."", ""A2"": ""Do not forge my name."", ""B1"": ""They forged a strong friendship."", ""B2"": ""He was caught trying to forge a passport."", ""C1"": ""The team forged ahead despite the difficulties."", ""C2"": ""The criminal enterprise was set up to forge luxury goods.""}","[""forge a signature"", ""forge a relationship"", ""forge ahead"", ""forge money""]","[""fake"", ""counterfeit"", ""shape"", ""build""]","[""destroy"", ""authenticate""]","{""en"": [""forgery"", ""counterfeit"", ""fraud""], ""ar"": [""تزوير"", ""زائف"", ""احتيال""]}","{""noun"":""forgery"",""verb"":""forge"",""adj"":""forged""}",يصيغ / يزور,forger,schmieden,forjar,伪造 (Wěizào),ковать,forjar,偽造する (Gizō suru),falsificare,sahtesini yapmak,C1_23,CEFR_C1,False
5496,blend,noun,C1,1,5496,5,7,blɛnd,blend,بْلِنْد,Mazīj / Khalīṭ,,A mixture of different things or qualities.,خليط أو مزيج من حاجات مختلفة مع بعض، زي القهوة أو الألوان.,Often implies a harmonious mix (blend of styles).,General / Common,Object,"[""#Mixture"", ""#Cooking"", ""#Composition""]",Neutral,أكيد عارف الـ 'Blender' 'الخلاط'.. هو اللي بيعمل الـ 'Blend'.,"{""A1"": ""I like this tea blend."", ""A2"": ""A blend of red and blue makes purple."", ""B1"": ""The sauce is a blend of herbs and spices."", ""B2"": ""The building is a nice blend of old and new styles."", ""C1"": ""His music is a unique blend of jazz and rock."", ""C2"": ""The population is a rich cultural blend.""}","[""unique blend"", ""perfect blend"", ""coffee blend"", ""blend of""]","[""mixture"", ""mix"", ""combination"", ""hybrid""]","[""separation""]","{""en"": [""blender"", ""mix"", ""combine""], ""ar"": [""خلاط"", ""خلط"", ""يمزج""]}","{""noun"":""blend"",""verb"":""blend"",""adj"":""blended""}",مَزِيج / خَلِيط,mélange,Mischung,mezcla,混合物 (Hùnhéwù),смесь,mistura,混合 (Kongō),miscela,karışım,C1_17,CEFR_C1,False
2651,cabinet,noun,C1,1,2651,4,7,ˈkæbɪnət,,كَابِنِت,Khizāna / Majlis al-Wuzarāʾ,cab•i•net,"A cupboard with shelves, or a group of senior government ministers.",يا إما دولاب أو خزانة صغيرة، يا إما مجلس الوزراء 'الحكومة'.,Context determines meaning: 'kitchen cabinet' (cupboard) vs 'The Cabinet met today' (government).,Objects & Tools,Object,"[""#Furniture"", ""#Politics"", ""#Government""]",Neutral,زي 'Cabin' 'كابينة' صغيرة.. الحكومة بتجتمع في أوضة صغيرة، والدولاب أوضة صغيرة للحاجات.,"{""A1"": ""The plates are in the cabinet."", ""A2"": ""We bought a new bathroom cabinet."", ""B1"": ""The file is in the filing cabinet."", ""B2"": ""The President met with his Cabinet."", ""C1"": ""A cabinet reshuffle is expected next week."", ""C2"": ""The cabinet approved the new economic policy unanimously.""}","[""kitchen cabinet"", ""filing cabinet"", ""cabinet meeting"", ""cabinet minister""]","[""cupboard"", ""locker"", ""council"", ""ministry""]",[],"{""en"": [""cabin"", ""cabinetry""], ""ar"": [""خزانة"", ""وزارة"", ""دولاب""]}","{""noun"":""cabinet""}",مجلس الوزراء / خزانة / حجرة صغيرة,armoire / cabinet,Schrank / Kabinett,gabinete,内阁 (Nèigé),кабинет,gabinete,内閣 (Naikaku),gabinetto,kabine,C1_02,CEFR_C1,False
6858,maize,noun,C1,0,6858,5,7,meɪz,,مَيْز,Dhurra,,A tall cereal plant with large grains; corn.,الذرة.. النبات اللي بناكله أو بنعمل منه دقيق.,Common in British English and scientific contexts; 'corn' is used in US.,Nature & Science,Object,"[""#Food"", ""#Plant"", ""#Agriculture""]",Neutral,شبه 'Maze' 'متاهة'.. حقول الـ 'Maize' 'الذرة' بتبقى طويلة وممكن تتوه فيها زي المتاهة.,"{""A1"": ""They grow maize."", ""A2"": ""Maize is yellow."", ""B1"": ""People use maize to make flour."", ""B2"": ""The maize harvest was good this year."", ""C1"": ""Maize is a staple food in many countries."", ""C2"": ""Genetic modification of maize has increased yields.""}","[""maize flour"", ""grow maize"", ""maize crop"", ""maize meal""]","[""corn""]",[],"{""en"": [""corn"", ""cereal"", ""harvest""], ""ar"": [""ذرة"", ""حبوب"", ""حصاد""]}","{""noun"":""maize""}",ذرة,maïs,Mais,maíz,玉米 (Yùmǐ),кукуруза,milho,トウモロコシ (Tōmorokoshi),mais,mısır,C1_34,CEFR_C1,False
5155,ritual,adj,C1,1,5155,4,9,ˈɹɪ.tʃu.əl,ˈrɪtʃʊəl,رِتْشُوَال,Ṭaqsī / Shaʿāʾirī,rit•u•al,Relating to or done as a religious or solemn rite.,حاجة بتتعمل بشكل ثابت ومنظم زي الطقوس الدينية أو العادات المقدسة.,"Describes actions done in a specific, repetitive order.",Actions & Processes,Attribute,"[""#Religion"", ""#Tradition"", ""#Ceremony"", ""#Custom""]",Neutral,جاية من 'Rite' 'طقس'.. الـ 'Ritual' هو الحاجة اللي بنكررها بانتظام زي الطقوس.,"{""A1"": ""It was a ritual dance."", ""A2"": ""They wore ritual masks."", ""B1"": ""The ritual slaughter of animals is traditional here."", ""B2"": ""Morning coffee became a ritual habit for him."", ""C1"": ""The emperor's power was largely ritual."", ""C2"": ""Anthropologists study the ritual significance of these objects.""}","[""ritual bath"", ""ritual dance"", ""ritual sacrifice""]","[""ceremonial"", ""rite-related"", ""formal""]","[""informal"", ""spontaneous""]","{""en"": [""rite"", ""ritualistic"", ""ritualize""], ""ar"": [""طقس"", ""شعيرة""]}","{""noun"": ""ritual"", ""verb"": ""ritualize"", ""adj"": ""ritual"", ""adv"": ""ritually""}",طقسي / شعائري,rituel,rituell,ritual,仪式的 (Yíshì de),ритуальный,ritual,儀式の (Gishiki no),rituale,törensel,C1_14,CEFR_C1,False
4426,invisible,adj,C1,1,4426,4,8,ɪnˈvɪzəb(ə)l,ɪnˈvɪzəbl,إِنْڤِزَبَل,Khafī / Ghayr marʾī,in•vis•i•ble,Impossible to see.,حاجة مستحيل تشوفها بعينك، زي الهوا أو الأشباح.,Prefix 'in-' means not; opposite of visible.,General / Common,Attribute,"[""#Sight"", ""#Hidden"", ""#Ghost"", ""#Magic""]",Neutral,'Visible' يعني متشاف.. 'In' بتنفي.. يبقى 'Invisible' مش متشاف.,"{""A1"": ""The wind is invisible."", ""A2"": ""Germs are invisible to the eye."", ""B1"": ""He felt invisible in the crowd."", ""B2"": ""The plane uses technology to be invisible to radar."", ""C1"": ""The invisible barrier between the two groups remained."", ""C2"": ""They discussed the concept of the 'invisible hand' in economics.""}","[""invisible man"", ""invisible ink"", ""invisible hand""]","[""unseen"", ""imperceptible"", ""hidden""]","[""visible"", ""seen"", ""obvious""]","{""en"": [""visible"", ""vision"", ""invisibility"", ""see""], ""ar"": [""مرئي"", ""رؤية"", ""اختفاء"", ""يرى""]}","{""noun"":""invisibility"",""adj"":""invisible"",""adv"":""invisibly""}",خفي,Invisible,Unsichtbar,Invisible,看不见的 (Kàn bùjiàn de),Невидимый,Invisível,見えない (Mienai),Invisibile,Görünmez,C1_11,CEFR_C1,False
3559,merely,adj,C1,1,3559,4,9,ˈmɪrli,ˈmɪəli,مِيرْلِي,Faqaṭ / Mujarrad,mere•ly,"Used to emphasize that something is not large, important, or effective.",كلمة بنستخدمها عشان نقول إن الحاجة دي بسيطة أو 'فقط' كذا، ومفيش حاجة تانية وراها.,Synonymous with 'only' or 'simply' but more formal.,General / Common,Quantity,"[""#Only"", ""#Just"", ""#Limit""]",Formal,شبه كلمة 'Mirror' 'مراية'.. هي 'Merely' 'مجرد' انعكاس للصورة.,"{""A1"": ""It is merely a toy."", ""A2"": ""I was merely asking a question."", ""B1"": ""He is merely a child, don't be angry."", ""B2"": ""The building was merely a shell after the fire."", ""C1"": ""It was not merely a coincidence; it was planned."", ""C2"": ""The distinction between the two theories is merely semantic.""}","[""not merely"", ""merely a"", ""merely because"", ""merely coincidence""]","[""only"", ""simply"", ""just"", ""purely""]","[""absolutely"", ""entirely""]","{""en"": [""mere"", ""barely""], ""ar"": [""مجرد"", ""بالكاد""]}","{""adj"":""mere"",""adv"":""merely""}",فقط / مجرد,simplement,bloß,simplemente,仅仅 (Jǐnjǐn),просто,meramente,単に (Tan ni),soltanto,sadece,C1_03,CEFR_C1,False
3614,equality,noun,C1,1,3614,4,7,ɪˈkwɑləti,iˈkwɒləti,إِكْوَالِتِي,Musāwāh,equal•i•ty,"The state of being equal, especially in status, rights, and opportunities.",المساواة، يعني كل الناس يكون ليهم نفس الحقوق والفرص ومفيش حد أحسن من حد.,Often paired with 'diversity' and 'inclusion'.,General / Common,Concept,"[""#Rights"", ""#Society"", ""#Fairness""]",Formal,جاية من 'Equal' 'يساوي'.. الـ 'Equality' هي إن الكفتين يكونوا قد بعض.,"{""A1"": ""We want equality."", ""A2"": ""Equality is important in sports."", ""B1"": ""They fight for gender equality."", ""B2"": ""The law guarantees equality for all citizens."", ""C1"": ""Racial equality remains a significant social goal."", ""C2"": ""Absolute economic equality is difficult to achieve in practice.""}","[""gender equality"", ""racial equality"", ""promote equality"", ""marriage equality""]","[""fairness"", ""parity"", ""egalitarianism"", ""sameness""]","[""inequality"", ""discrimination""]","{""en"": [""equal"", ""equally"", ""equalize""], ""ar"": [""مساوي"", ""يساوي"", ""عدل""]}","{""noun"": ""equality"", ""verb"": ""equalize"", ""adj"": ""equal"", ""adv"": ""equally""}",مساواة,égalité,Gleichheit,igualdad,平等 (Píngděng),равенство,igualdade,平等 (Byōdō),uguaglianza,eşitlik,C1_06,CEFR_C1,False
4379,mighty,adj,C1,0,4379,4,9,ˈmaɪti,,مَايْتِي,ʿAẓīm,,Possessing great and impressive power or strength.,قوي جداً وعظيم، زي جيش قوي أو بطل خارق ماحدش يقدر عليه.,"Often used in literary or poetic contexts (e.g., 'mighty warrior').",General / Common,Quality,"[""#Power"", ""#Strength"", ""#Great"", ""#Hero""]",Neutral,جاية من 'Might' 'قوة'.. زي 'Almighty' 'عظيم/قدير'. الـ 'Mighty' هو اللي عنده 'Might'.,"{""A1"": ""He is a mighty hero."", ""A2"": ""The mighty lion roared."", ""B1"": ""They built a mighty empire."", ""B2"": ""The river is a mighty force of nature."", ""C1"": ""She struck the ball with a mighty blow."", ""C2"": ""Even the mighty corporations can fall during a crisis.""}","[""high and mighty"", ""mighty warrior"", ""mighty blow"", ""almighty God""]","[""powerful"", ""strong"", ""potent"", ""robust""]","[""weak"", ""feeble"", ""puny""]","{""en"": [""might"", ""power"", ""strength"", ""force""], ""ar"": [""قوة"", ""سلطة"", ""شدة"", ""جبروت""]}","{""noun"":""might"",""adj"":""mighty"",""adv"":""mightily""}",عظيم,puissant,mächtig,poderoso,强大的 (Qiángdà de),могущественный,poderoso,強力な (Kyōryoku na),potente,kudretli,C1_11,CEFR_C1,False
5486,distress,noun,C1,1,5486,5,8,dɪˈstrɛs,dɪˈstres,دِسْتْرِس,Miḥnah / Karb,dis•tress,"Extreme anxiety, sorrow, or pain.",حالة صعبة جداً من الحزن أو القلق أو الألم. كرب شديد.,Also used in 'distress signal' (SOS) for ships or planes in danger.,Feelings & Emotions,Emotion,"[""#Pain"", ""#Sadness"", ""#Emergency"", ""#Suffering""]",Neutral,'Dis-stress'.. عكس الراحة، يعني 'Stress' ضغط عالي جداً واصل لمرحلة الكرب.,"{""A1"": ""The baby is in distress."", ""A2"": ""She cried in distress."", ""B1"": ""The ship sent a distress signal."", ""B2"": ""His financial distress forced him to sell the house."", ""C1"": ""The famine caused widespread distress in the region."", ""C2"": ""The emotional distress caused by the trauma was severe.""}","[""in distress"", ""distress signal"", ""emotional distress"", ""cause distress""]","[""anguish"", ""suffering"", ""pain"", ""agony""]","[""comfort"", ""happiness"", ""peace""]","{""en"": [""stress"", ""distressed"", ""distressing""], ""ar"": [""ضغط"", ""مكروب"", ""مؤلم""]}","{""noun"": ""distress"", ""verb"": ""distress"", ""adj"": ""distressed"", ""adv"": ""distressingly""}",محنة / كرب,détresse,Not,angustia,痛苦 (Tòngkǔ),бедствие,angústia,苦悩 (Kunō),angoscia,sıkıntı,C1_16,CEFR_C1,False
4545,petty,adj,C2,0,4545,4,10,ˈpɛti,,بِتِي,Tāfih / Ṣaghīr,pet•ty,Of little importance; trivial.,حاجة صغيرة وتافهة مش مستاهلة الاهتمام. وممكن تتقال على الشخص اللي بيدقق في التفاصيل التافهة.,Common in legal terms 'petty crime' and insults 'don't be so petty'.,Actions & Processes,Attribute,"[""#Trivial"", ""#Small"", ""#Behavior""]",Neutral,زي 'Pet'. المشاكل الـ 'Petty' صغيرة زي الـ 'Pet' ومفروض منعملش منها قصة.,"{""A1"": ""It was a petty problem."", ""A2"": ""They argue about petty things."", ""B1"": ""He was arrested for petty theft."", ""B2"": ""Don't be so petty and forgive him."", ""C1"": ""She complained about petty regulations and bureaucracy."", ""C2"": ""His petty vindictiveness alienated all his friends.""}","[""petty crime"", ""petty cash"", ""petty argument"", ""petty jealousy""]","[""trivial"", ""minor"", ""insignificant"", ""small-minded""]","[""major"", ""significant"", ""important""]","{""en"": [""pettiness"", ""small""], ""ar"": [""تفاهة"", ""صغير""]}","{""noun"":""pettiness"",""adj"":""petty"",""adv"":""pettily""}",تافه / صغير,mesquin / petit,belanglos / kleinlich,mezquino / insignificante,琐碎的 (Suǒsuì de),мелкий / мелочный,mesquinho / insignificante,些細な (Sasaina),meschino / spicciolo,önemsiz / küçük,C2_01,CEFR_C2,False
7050,incline,noun,C2,0,7050,5,8,ˈɪnklaɪn,,إنكلاين,Munḥadar / Mayl,in•cline,"A slope, especially on a road or railway.",منحدر أو مطلع، طريق مايل طالع أو نازل.,Noun stress is on first syllable (IN-cline). Verb stress on second (in-CLINE).,Objects & Tools,Place,"[""#Slope"", ""#Road"", ""#Angle""]",Neutral,الفعل 'Incline' يعني يميل.. فالاسم هو الميل أو المنحدر نفسه.,"{""A1"": ""Not used in A1."", ""A2"": ""The car went up the hill."", ""B1"": ""The road has a slight incline."", ""B2"": ""We walked up a steep incline."", ""C1"": ""The railway was built on a dangerous incline."", ""C2"": ""The geological survey measured the precise angle of the incline.""}","[""steep incline"", ""slight incline"", ""sharp incline""]","[""slope"", ""gradient"", ""ramp"", ""slant""]","[""flat"", ""level""]","{""en"": [""inclination"", ""lean"", ""tilt""], ""ar"": [""ميل"", ""يميل"", ""انحراف""]}","{""noun"":""incline"",""verb"":""incline"",""adj"":""inclined""}",مُنْحَدَر,pente,Steigung,pendiente,斜坡 (Xiépō),наклон,inclinação,勾配 (Kōbai),pendenza,eğim,C2_03,CEFR_C2,False
7157,amorphous,adj,C2,0,7157,6,9,əˈmɔɹfəs,əˈmɔːfəs,أَمُورْفَس,ʿAdīm al-shakl,amor•phous,Without a clearly defined shape or form.,عديم الشكل أو غير متبلور.. حاجة ملهاش شكل محدد، زي السحاب أو العجينة.,Used in science (amorphous solid) and figuratively (amorphous organization).,General / Common,Attribute,"[""#Shape"", ""#Science"", ""#Form""]",Formal,حرف 'A' للنفي + 'Morph' 'شكل'.. يعني ملوش 'Morph' 'شكل' محدد,"{""A1"": ""The cloud was amorphous."", ""A2"": ""It looked like an amorphous blob."", ""B1"": ""Glass is an amorphous solid."", ""B2"": ""The crowd was an amorphous mass of people."", ""C1"": ""His plans for the future are still quite amorphous."", ""C2"": ""The political movement remained amorphous and lacked clear leadership.""}","[""amorphous shape"", ""amorphous mass"", ""amorphous solid""]","[""shapeless"", ""formless"", ""vague"", ""unstructured""]","[""shaped"", ""definite"", ""structured""]","{""en"": [""morph"", ""morphology""], ""ar"": [""يتحول"", ""علم التشكل""]}","{""adj"":""amorphous"",""adv"":""amorphously""}",غير متبلور / بلا شكل,amorphe,amorph,amorfo,无定形的 (Wúdìngxíng de),аморфный,amorfo,無定形の (Muteikei no),amorfo,biçimsiz,C2_03,CEFR_C2,False
6639,converse,adj,C2,0,6639,5,8,kənˈvɜːrs,kənˈvɜːs,كَنفِيرْس,Al-Taḥadduth / Maqlūb / Mukhālif,con•verse,"Opposite or contrary in direction, action, or sequence.",حاجة عكس حاجة تانية تمامًا، أو المقابل ليها.,"Distinguish from the verb 'converse' (to talk). As an adjective, stress is often on the second syllable, but noun 'converse' stress is on first.",Social Life & Communication,Relation,"[""#Logic"", ""#Opposite"", ""#Debate""]",Formal,كلمة 'Verse' يعني بيت شعر.. 'Converse' يعني البيت المقلوب أو العكس.,"{""A1"": ""They have opposite views."", ""A2"": ""The converse is also true."", ""B1"": ""He holds the converse opinion to mine."", ""B2"": ""High speed increases risk; the converse effect is safety at low speeds."", ""C1"": ""However, the converse argument is equally valid."", ""C2"": ""In logic, if a proposition is true, its converse is not necessarily true.""}","[""converse opinion"", ""converse effect"", ""hold the converse"", ""converse statement""]","[""opposite"", ""reverse"", ""contrary"", ""counter""]","[""same"", ""identical"", ""similar""]","{""en"": [""conversation"", ""convert"", ""reverse"", ""inverse""], ""ar"": [""محادثة"", ""يحول"", ""عكس"", ""مقلوب""]}","{""noun"": ""converse"", ""verb"": ""converse"", ""adj"": ""converse"", ""adv"": ""conversely""}",التحدث / مقلوب / مخالف,inverse,gegenteilig,opuesto,相反的 (Xiāngfǎn de),обратный,oposto,逆の (Gyaku no),opposto,zıt,C2_01,CEFR_C2,True
6988,homogeneous,adj,C2,0,6988,5,10,ˌhoʊməˈdʒiːniəs,ˌhɒməˈdʒiːniəs,هُومُجِينِيَس,Mutajānis,ho•mo•ge•neous,Of the same kind; alike.,حاجات شبه بعض جداً أو من نفس النوع، مفيش بينهم اختلاف كبير 'متجانس'.,Opposite of 'heterogeneous'. Common in science and sociology.,General / Common,Attribute,"[""#Science"", ""#Similarity"", ""#Types"", ""#Structure""]",Formal,'Homo' يعني 'نفس' و 'Gen' يعني 'نوع'.. يعني من نفس النوع.,"{""A1"": ""The milk is homogeneous."", ""A2"": ""They are a homogeneous group."", ""B1"": ""The society is culturally homogeneous."", ""B2"": ""A homogeneous mixture has a uniform composition."", ""C1"": ""Small towns tend to be more homogeneous than cities."", ""C2"": ""The goal was to create a homogeneous society with shared values.""}","[""homogeneous group"", ""homogeneous society"", ""culturally homogeneous"", ""homogeneous mixture""]","[""uniform"", ""identical"", ""similar"", ""consistent""]","[""heterogeneous"", ""diverse"", ""varied""]","{""en"": [""homogeneity"", ""homogenize"", ""same"", ""uniform""], ""ar"": [""تجانس"", ""يوحد"", ""نفس""]}","{""noun"": ""homogeneity"", ""verb"": ""homogenize"", ""adj"": ""homogeneous"", ""adv"": ""homogeneously""}",متجانس,homogène,homogen,homogéneo,同类的 (Tónglèi de),однородный,homogêneo,均質な (Kinshitsu na),omogeneo,homojen,C2_02,CEFR_C2,False
6798,resent,verb,C2,0,6798,5,9,rɪˈzɛnt,,رِيْزَنْت,Mustā' / Ista'a,re•sent,"To feel bitterness or indignation at a circumstance, action, or person.",إنك تحس بمرارة أو زعل مكتوم ناحية حد أو حاجة عشان حاسس إنك اتظلمت أو إن الوضع مش عادل.,"Unlike 'hate', 'resent' specifically implies a feeling of unfair treatment or a grudge held over time.",Feelings & Emotions,Emotion,"[""#Bitterness"", ""#Grudge"", ""#Conflict"", ""#Anger""]",Neutral,كلمة 'Resent' بتفكرنا بـ 'Re-sent'.. كأنك بعت 'Sent' الإيميل الغلط تاني 'Re' فمديرك اتضايق وحس بـ 'Resentment'.,"{""A1"": ""I do not resent him."", ""A2"": ""She resents being treated like a child."", ""B1"": ""He began to resent the time his job took from his family."", ""B2"": ""Employees may resent the new policies if they are not explained well."", ""C1"": ""The local residents deeply resent the construction of the new highway."", ""C2"": ""It is futile to resent the inevitable changes that come with aging.""}","[""bitterly resent"", ""deeply resent"", ""resent the implication""]","[""begrudge"", ""grudge"", ""dislike"", ""be annoyed by""]","[""welcome"", ""like"", ""appreciate""]","{""en"": [""resentment"", ""resentful"", ""bitterness"", ""indignation""], ""ar"": [""استياء"", ""ممتعض"", ""مرارة"", ""سخط""]}","{""noun"": ""resentment"", ""verb"": ""resent"", ""adj"": ""resentful"", ""adv"": ""resentfully""}",مستاء / استاء,en vouloir à,übelnehmen,resentir,怨恨 (Yuànhèn),возмущаться,ressentir-se,憤慨する (Fungai suru),risentirsi,alınmak,C2_02,CEFR_C2,True
4533,affecting,adj,C2,0,4533,4,10,əˈfɛktɪŋ,əˈfektɪŋ,أَفِكْتِنْج,Mu'athir,af•fect•ing,Causing strong emotions; moving or touching.,مؤثر جداً وبيحرك المشاعر، زي فيلم حزين أو قصة تلمس القلب.,Don't confuse with 'effecting' (bringing about). 'Affecting' is about emotions.,Actions & Processes,Attribute,"[""#Emotional"", ""#Touching"", ""#Sad"", ""#Moving""]",Neutral,جاية من 'Affect' 'يؤثر'.. حاجة 'Affecting' يعني بتأثر في مشاعرك.,"{""A1"": ""The story was affecting."", ""A2"": ""It was a highly affecting movie."", ""B1"": ""She wrote an affecting letter to her family."", ""B2"": ""The scene was deeply affecting to everyone watching."", ""C1"": ""He gave an affecting account of his time in the war."", ""C2"": ""The novel's affecting conclusion left the readers in tears.""}","[""deeply affecting"", ""affecting story"", ""affecting scene"", ""most affecting""]","[""moving"", ""touching"", ""poignant"", ""emotional""]","[""uninspiring"", ""boring""]","{""en"": [""affect"", ""affection"", ""effect"", ""emotion""], ""ar"": [""يؤثر"", ""عاطفة"", ""تأثير"", ""شعور""]}","{""noun"": ""affect"", ""verb"": ""affect"", ""adj"": ""affecting"", ""adv"": ""affectingly""}",مؤثر / محرك للمشاعر,émouvant,bewegend,conmovedor,动人的 (Dòngrén de),трогательный,comovente,感動的な (Kandō-teki na),commovente,dokunaklı,C2_01,CEFR_C2,False
6897,proprietor,noun,C2,0,6897,5,9,prəˈpraɪətər,prəˈpraɪətə,بْرَايَتَر,Malik,pro•pri•etor,"The owner of a business, or a holder of property.",صاحب الشغل أو المحل اللي بيمتلكه وبيديره بنفسه.,More formal than 'owner'. Often implies a sole owner of a small business.,General / Common,Person,"[""#Owner"", ""#Business"", ""#Property"", ""#Title""]",Formal,جاي من 'Property' 'ممتلكات'.. الـ 'Proprietor' هو صاحب الـ 'Property'.,"{""A1"": ""He is the proprietor."", ""A2"": ""The proprietor opened the shop."", ""B1"": ""I spoke to the proprietor about the bill."", ""B2"": ""The hotel proprietor was very welcoming."", ""C1"": ""As the sole proprietor, he is responsible for all debts."", ""C2"": ""The landed proprietors of the 19th century held immense political power.""}","[""sole proprietor"", ""hotel proprietor"", ""registered proprietor"", ""landed proprietor""]","[""owner"", ""possessor"", ""holder"", ""landlord""]","[""tenant"", ""employee"", ""customer""]","{""en"": [""property"", ""proprietary"", ""own"", ""possess""], ""ar"": [""ممتلكات"", ""ملكي"", ""يملك"", ""يحوز""]}","{""noun"":""proprietor"",""adj"":""proprietary"",""adv"":""proprietarily""}",مالك,propriétaire,Eigentümer,propietario,业主 (Yèzhǔ),собственник,proprietário,所有者 (Shoyūsha),proprietario,sahip,C2_02,CEFR_C2,False
7228,pretence,noun,C2,0,7228,6,9,ˈpriː.tɛns,prɪˈtens,بْرِتَنْس,Iddi'a / Tazahur,pre•tence,An attempt to make something that is not the case appear true.,تظاهر أو ادعاء، إنك تعمل نفسك بتعمل حاجة أو حاسس بحاجة وإنت في الحقيقة لأ.,Spelled 'pretense' in US English. Often used with 'false'.,General / Common,Action,"[""#Deception"", ""#Behavior"", ""#Psychology"", ""#Lie""]",Neutral,جاية من 'Pretend' 'يمثل/يتظاهر'.. الـ 'Pretence' هو التمثيلية نفسها.,"{""A1"": ""It was just a pretence."", ""A2"": ""He made a pretence of working."", ""B1"": ""She dropped the pretence of friendship."", ""B2"": ""We kept up the pretence that everything was fine."", ""C1"": ""His anger was a pretence to hide his fear."", ""C2"": ""They abandoned any pretence of neutrality.""}","[""false pretence"", ""under the pretence"", ""keep up the pretence"", ""make a pretence""]","[""sham"", ""charade"", ""guise"", ""pretext""]","[""reality"", ""truth"", ""honesty""]","{""en"": [""pretend"", ""fake"", ""lie"", ""act""], ""ar"": [""يتظاهر"", ""مزيف"", ""كذب"", ""تمثيل""]}","{""noun"": ""pretence"", ""verb"": ""pretend"", ""adj"": ""pretentious"", ""adv"": ""pretentiously""}",ادعاء / تظاهر,prétention,Vortäuschung,fingimiento,假装 (Jiǎzhuāng),притворство,fingimento,見せかけ (Misekake),finzione,bahane,C2_04,CEFR_C2,False
7123,incessant,adj,C2,0,7123,5,9,ɪnˈsesnt,ɪnˈsesnt,إنْسِيسَنت,Mutawāṣil,in•ces•sant,Continuing without pause or interruption (usually something unpleasant).,حاجة مستمرة مش بتقف ولا بتفصل، وغالباً بتكون حاجة مزعجة زي دوشة أو مطر.,"Has a negative connotation (noise, rain, chatter). Use 'continuous' for neutral contexts.",General / Common,Time,"[""#Time"", ""#Annoyance"", ""#Continuity""]",Neutral,كلمة 'Cease' يعني يتوقف.. 'In-cessant' يعني لا يتوقف.,"{""A1"": ""The noise never stops."", ""A2"": ""The incessant rain spoiled our picnic."", ""B1"": ""I am tired of his incessant complaining."", ""B2"": ""The incessant noise of the traffic kept me awake."", ""C1"": ""They faced incessant demands from the customers."", ""C2"": ""The incessant chatter of the monkeys echoed through the jungle.""}","[""incessant rain"", ""incessant noise"", ""incessant chatter"", ""incessant demands""]","[""constant"", ""ceaseless"", ""unending"", ""perpetual""]","[""intermittent"", ""occasional"", ""sporadic""]","{""en"": [""cease"", ""cessation"", ""constant"", ""continuous""], ""ar"": [""يتوقف"", ""توقف"", ""ثابت"", ""مستمر""]}","{""noun"":""incessancy"",""adj"":""incessant"",""adv"":""incessantly""}",متواصل,incessant,unaufhörlich,incesante,不断的 (Bùduàn de),непрерывный,incessante,絶え間ない (Taemanai),incessante,aralıksız,C2_03,CEFR_C2,False
6851,ingenious,adj,C2,0,6851,5,9,ɪnˈdʒiːniəs,ɪnˈdʒiːniəs,إِنْجِينِيَس,‘Abqarī,in•ge•nious,"Clever, original, and inventive.",شخص ذكي ومبتكر جداً، أو فكرة عبقرية وجديدة.,Don't confuse with 'ingenuous' (innocent/naive). 'Ingenious' is about genius.,General / Common,Attribute,"[""#Smart"", ""#Creativity"", ""#Innovation""]",Neutral,فيها كلمة 'Genius' 'عبقري'.. الـ 'Ingenious' هو الشخص العبقري أو الفكرة العبقرية.,"{""A1"": ""It is a clever idea."", ""A2"": ""He found an ingenious way to fix it."", ""B1"": ""The device is simple but ingenious."", ""B2"": ""She is an ingenious cook who creates new recipes."", ""C1"": ""The engineer came up with an ingenious solution to the problem."", ""C2"": ""His ingenious plot twists kept the readers guessing until the end.""}","[""ingenious idea"", ""ingenious solution"", ""ingenious device"", ""ingenious mind""]","[""inventive"", ""creative"", ""brilliant"", ""resourceful""]","[""unimaginative"", ""dull"", ""clumsy""]","{""en"": [""genius"", ""engine"", ""invent"", ""clever""], ""ar"": [""عبقري"", ""محرك"", ""يخترع"", ""ذكي""]}","{""noun"":""ingenuity"",""adj"":""ingenious"",""adv"":""ingeniously""}",عبقري / مبتكر,ingénieux,genial,ingenioso,独创的 (Dúchuàng de),изобретательный,engenhoso,独創的な (Dokusōteki na),ingegnoso,dahice,C2_02,CEFR_C2,False
6917,gastric,adj,C2,0,6917,5,8,ˈɡæstrɪk,,جَاسْتْرِك,Maʿidī,gas•tric,Relating to the stomach.,صفة طبية معناها 'مَعِدِيّ' يعني خاص بالمعدة.,"Medical term. Common in 'gastric juices', 'gastric flu', 'gastric bypass'.",General / Common,Attribute,"[""#Medical"", ""#Stomach"", ""#Body""]",Formal,كلمة 'Gas' 'غاز'.. لما بطنك توجعك بيبقى فيها 'Gas' في منطقة الـ 'Gastric' 'المعدة'.,"{""A1"": ""He has gastric pain."", ""A2"": ""The doctor checked his gastric health."", ""B1"": ""Gastric juices help digest food."", ""B2"": ""She suffered from a gastric ulcer."", ""C1"": ""He underwent gastric bypass surgery for weight loss."", ""C2"": ""The study focused on gastric motility disorders.""}","[""gastric juice"", ""gastric ulcer"", ""gastric bypass""]","[""stomach"", ""abdominal"", ""intestinal""]",[],"{""en"": [""stomach"", ""digestion"", ""gut""], ""ar"": [""معدة"", ""هضم"", ""أمعاء""]}","{""noun"":""gastritis""}",معدي (خاص بالمعدة),gastrique,Magen-,gástrico,胃的 (Wèi de),желудочный,gástrico,胃の (I no),gastrico,mide ile ilgili,C2_02,CEFR_C2,False
6374,nominal,adj,C2,0,6374,5,8,ˈnɑːmɪnl,ˈnɒmɪnl,نَامِنَل,Suri / Ramzi / Ismi,nom•i•nal,Existing in name only; or representing a very small amount.,حاجة موجودة بالاسم بس ومش حقيقية، أو مبلغ مالي صغير جداً ورمزي.,Often used in finance (nominal fee) or politics (nominal leader).,Social Life & Communication,Attribute,"[""#Finance"", ""#Status"", ""#Value"", ""#Formal""]",Formal,جاية من 'Name' 'اسم'.. يعني حاجة 'Nominal' هي مجرد اسم 'Name' من غير قيمة حقيقية.,"{""A1"": ""The fee is nominal."", ""A2"": ""He is the nominal head of the club."", ""B1"": ""They charge a nominal rent for the building."", ""B2"": ""The difference between the two products is only nominal."", ""C1"": ""Despite his title, he retains only nominal power within the organization."", ""C2"": ""The nominal GDP does not account for inflation, unlike real GDP.""}","[""nominal fee"", ""nominal value"", ""nominal head"", ""nominal interest""]","[""token"", ""titular"", ""symbolic"", ""minimal""]","[""real"", ""actual"", ""substantial""]","{""en"": [""name"", ""nominate"", ""symbol"", ""minimum""], ""ar"": [""اسم"", ""يرشح"", ""رمز"", ""حد أدنى""]}","{""noun"":""nominalism"",""adj"":""nominal"",""adv"":""nominally""}",اسمي / رمزي,nominal,nominell,nominal,名义上的 (Míngyì shàng de),номинальный,nominal,名ばかりの (Nabakari no),nominale,sembolik,C2_01,CEFR_C2,False
7063,parentheses,noun,C2,0,7063,5,9,pəˈrɛnθəsiːz,pəˈrenθəsiːz,بَرَنْثِسِيز,Aqwas,paren•the•ses,A pair of marks ( ) used to enclose extra information.,الأقواس الهلالية ' ' اللي بنكتب جواها كلام توضيحي زيادة.,Plural form (singular: parenthesis). UK English often calls them 'brackets'.,Social Life & Communication,Tool,"[""#Punctuation"", ""#Writing"", ""#Grammar"", ""#Symbol""]",Neutral,الكلمة طويلة وفيها 'Thesis'.. الأقواس بنحط فيها كلام زيادة عن الـ 'Thesis' 'الموضوع' الأصلي.,"{""A1"": ""Put the word in parentheses."", ""A2"": ""Read the text inside the parentheses."", ""B1"": ""Use parentheses to add extra details."", ""B2"": ""The date is shown in parentheses."", ""C1"": ""Avoid using too many parentheses in formal writing."", ""C2"": ""The author's use of parentheses creates a conversational tone.""}","[""in parentheses"", ""close parentheses"", ""open parentheses""]","[""brackets"", ""round brackets""]",[],"{""en"": [""bracket"", ""punctuation"", ""dash"", ""comma""], ""ar"": [""قوس"", ""ترقيم"", ""شرطة"", ""فاصلة""]}","{""noun"":""parenthesis"",""adj"":""parenthetical""}",أقواس / بين قوسين,parenthèses,Klammern,paréntesis,括号 (Kuòhào),круглые скобки,parênteses,括弧 (Kakko),parentesi,parantez,C2_03,CEFR_C2,False
6223,negligence,noun,C2,0,6223,5,9,ˈnɛɡlɪdʒəns,ˈneɡlɪdʒəns,نِجْلِجَنس,Al-Ihmāl / Ihmāl,neg•li•gence,"Failure to take proper care in doing something, often resulting in damage or injury.",لما حد يكسّل أو يطنش يعمل واجبه أو ياخد باله من حاجة مهمة، وده ممكن يسبب مشاكل أو أضرار.,Commonly used in legal and professional contexts regarding duty of care.,Actions & Processes,Action,"[""#Law"", ""#Mistake"", ""#Responsibility"", ""#Failure""]",Formal,اربطها بكلمة 'Neglect' يعني تجاهل.. لما تعمل 'Negligence' بتبقى أهملت واجبك.,"{""A1"": ""The fire was caused by negligence."", ""A2"": ""His negligence caused a big problem at school."", ""B1"": ""The driver admitted negligence after the accident."", ""B2"": ""Medical negligence can lead to serious health complications."", ""C1"": ""The company was sued for gross negligence regarding safety standards."", ""C2"": ""The jury found the defendant guilty of criminal negligence resulting in manslaughter.""}","[""gross negligence"", ""medical negligence"", ""contributory negligence"", ""admit negligence""]","[""carelessness"", ""neglect"", ""laxity"", ""irresponsibility"", ""inattention""]","[""care"", ""diligence"", ""attention""]","{""en"": [""neglect"", ""negligent"", ""negligible""], ""ar"": [""إهمال"", ""مُهمل"", ""ضئيل""]}","{""noun"": ""negligence"", ""verb"": ""neglect"", ""adj"": ""negligent"", ""adv"": ""negligently""}",الإهمال / إهمال,négligence,Fahrlässigkeit,negligencia,疏忽 (Shūhū),халатность,negligência,過失 (Kashitsu),negligenza,ihmal,C2_01,CEFR_C2,False
7001,eloquent,adj,C2,0,7001,5,8,ˈɛləkwənt,ˈɛl.əˌkwənt,إِلُوكْوَنْت,Baligh / Fasih,elo•quent,Fluent or persuasive in speaking or writing.,فصيح وبليغ.. بيعرف يتكلم بأسلوب حلو ومقنع جداً.,"Used for speeches, writers, or even expressive silence (eloquent silence).",General / Common,Attribute,"[""#Speech"", ""#Language"", ""#Persuasion""]",Neutral,الشخص الـ 'Eloquent' كلامه حلو ومقنع.. زي الخطيب اللي بيعرف يختار كلامه.,"{""A1"": ""He is an eloquent speaker."", ""A2"": ""She wrote an eloquent letter."", ""B1"": ""The speech was very eloquent."", ""B2"": ""He gave an eloquent defense of his actions."", ""C1"": ""Her eyes were eloquent with tears."", ""C2"": ""The silence was more eloquent than words.""}","[""eloquent speech"", ""wax eloquent"", ""eloquent silence""]","[""articulate"", ""fluent"", ""expressive"", ""silver-tongued""]","[""inarticulate"", ""tongue-tied""]","{""en"": [""eloquence"", ""eloquently"", ""locution""], ""ar"": [""فصاحة"", ""بفصاحة"", ""أسلوب كلام""]}","{""noun"":""eloquence"",""adj"":""eloquent"",""adv"":""eloquently""}",بَلِيغ / فَصِيح,éloquent,eloquent,elocuente,雄辩的 (Xióngbiàn de),красноречивый,eloquente,雄弁な (Yūben na),eloquente,güzel konuşan,C2_03,CEFR_C2,False
6274,refrain,noun,C2,0,6274,5,8,rɪˈfreɪn,rɪˈfreɪn,رِفْرِين,Lāzima,re•frain,A repeated line or number of lines in a poem or song.,الجزء اللي بيتكرر في الأغنية أو القصيدة 'اللازمة'.,Distinct from the verb form 'refrain from' (to stop oneself).,Social Life & Communication,Communication,"[""#Music"", ""#Poetry"", ""#Song""]",Neutral,اربطها بكلمة 'Rain' 'مطر'.. صوت المطر بيتكرر زي الـ 'Refrain' في الأغنية,"{""A1"": ""The song has a nice refrain."", ""A2"": ""Everyone sang the refrain together."", ""B1"": ""I can't get the refrain out of my head."", ""B2"": ""The choir repeated the refrain after each verse."", ""C1"": ""The poem's haunting refrain emphasizes the theme of loss."", ""C2"": ""This melodic refrain serves as a unifying motif throughout the symphony.""}","[""catchy refrain"", ""haunting refrain"", ""sing the refrain""]","[""chorus"", ""burden"", ""melody""]","[""verse""]","{""en"": [""chorus"", ""song"", ""verse""], ""ar"": [""كورس"", ""أغنية""]}","{""noun"":""refrain"",""verb"":""refrain""}",لازمة,refrain,Refrain,estribillo,副歌 (Fùgē),припев,refrão,リフレイン (Rifurein),ritornello,nakarat,C2_01,CEFR_C2,False
6952,detriment,noun,C2,0,6952,5,8,ˈdɛtrɪmənt,,دِتْرِمَنْت,Ḍarar / Adhā,detri•ment,The state of being harmed or damaged.,الضرر أو الأذى اللي بيحصل نتيجة لحاجة معينة.,Common phrase: 'to the detriment of' (meaning one thing suffers because of another).,General / Common,State,"[""#Harm"", ""#Damage"", ""#Negative"", ""#Consequence""]",Formal,شبه كلمة 'Determine'.. لو صممت على الغلط ده هيكون 'Detriment' 'ضرر' ليك.,"{""A1"": ""Smoking is a detriment to health."", ""A2"": ""Too much candy is a detriment to your teeth."", ""B1"": ""He worked hard, but to the detriment of his health."", ""B2"": ""Are you sure this won't be a detriment to our plans?"", ""C1"": ""She was engrossed in her work to the detriment of her family life."", ""C2"": ""The policy was implemented without detriment to the existing employees.""}","[""to the detriment of"", ""without detriment"", ""cause detriment""]","[""harm"", ""damage"", ""injury"", ""disadvantage""]","[""benefit"", ""advantage"", ""gain""]","{""en"": [""detrimental"", ""harmful"", ""damaging""], ""ar"": [""ضار"", ""مؤذ"", ""مخرب""]}","{""noun"":""detriment"",""adj"":""detrimental"",""adv"":""detrimentally""}",ضرر / أذى,détriment,Nachteil,detrimento,损害 (Sǔnhài),ущерб,detrimento,損害 (Songai),detrimento,zarar,C2_02,CEFR_C2,False
5528,obscure,adj,C2,0,5528,5,8,əbˈskjʊɹ,əbˈskjʊə,أَبْسْكْيُور,Ghāmiḍ,ob•scure,Not discovered or known about; uncertain or unclear.,حاجة غامضة أو مش معروفة، أو صعب تفهمها لأنها مش واضحة.,Can describe a person (unknown) or a meaning (hard to understand).,Health & Senses,Attribute,"[""#Mystery"", ""#Unknown"", ""#Dark""]",Neutral,كلمة 'Obscure' شبه 'Obstacle' 'عقبة'.. كأن فيه عقبة بتمنع الرؤية فالموضوع بقى غامض.,"{""A1"": ""The meaning is obscure."", ""A2"": ""It was an obscure village."", ""B1"": ""He quoted an obscure poet."", ""B2"": ""The details of his life remain obscure."", ""C1"": ""Legal jargon can make the text obscure to laypeople."", ""C2"": ""His origins are lost in the obscure mists of antiquity.""}","[""obscure reason"", ""remain obscure"", ""obscure references"", ""obscure writer""]","[""unclear"", ""unknown"", ""vague"", ""hidden""]","[""clear"", ""famous"", ""obvious"", ""distinct""]","{""en"": [""obscurity"", ""dark"", ""hide"", ""cloud""], ""ar"": [""غموض"", ""ظلام"", ""يخفي""]}","{""noun"":""obscurity"",""verb"":""obscure"",""adv"":""obscurely""}",غامض,obscur,unklar / unbekannt,oscuro / desconocido,模糊的 (Móhú de),неясный / смутный,obscuro,曖昧な (Aimai na),oscuro,belirsiz / anlaşılmaz,C2_01,CEFR_C2,False
7267,gaiety,noun,C2,0,7267,6,9,ˈɡeɪəti,ˈɡeɪəti,جَايَتِي,Ibtihāj / Ibtihāj,gai•ety,"The state or quality of being lighthearted, cheerful, or festive.",حالة من المرح والبهجة والسعادة، زي جو العيد أو الاحتفالات.,A bit old-fashioned; 'cheerfulness' is more common today.,Feelings & Emotions,Emotion,"[""#Happiness"", ""#Party"", ""#Mood""]",Neutral,جاية من 'Gay' 'بمعناها القديم: سعيد'.. الـ 'Gaiety' هي السعادة والمرح.,"{""A1"": ""The party was full of fun."", ""A2"": ""We heard the sounds of gaiety from the hall."", ""B1"": ""Her laughter added to the gaiety of the evening."", ""B2"": ""The festival was a scene of color and gaiety."", ""C1"": ""Despite the war, she maintained an air of forced gaiety."", ""C2"": ""The gaiety of the carnival masked the underlying social tensions.""}","[""forced gaiety"", ""scene of gaiety"", ""sounds of gaiety"", ""mood of gaiety""]","[""cheerfulness"", ""merriment"", ""joy"", ""joviality""]","[""misery"", ""gloom"", ""sadness"", ""depression""]","{""en"": [""gay"", ""happy"", ""cheerful"", ""joyful""], ""ar"": [""سعيد"", ""مبتهج"", ""مرح"", ""فرح""]}","{""noun"":""gaiety"",""adj"":""gay"",""adv"":""gaily""}",ابتهاج / مسرة,gaieté,Fröhlichkeit,alegría,快乐 (Kuàilè),веселье,alegria,陽気 (Yōki),allegria,neşe,C2_04,CEFR_C2,False
1289,administration,noun,B2,1,1289,4,7,ədˌmɪnɪˈstreɪʃn,,أَدْمِنِسْتْرَيْشَن,Idāra,ad•min•is•tra•tion,"The management of any office, business, or organization.",الإدارة أو الحكومة اللي بتمشي الشغل.,Can refer to the process (management) or the people (The Bush Administration).,Actions & Processes,Action,"[""#Management"", ""#Government"", ""#Business""]",Formal,جاي منها 'Admin' و 'Minister' 'وزير'.. الإدارة والوزارة.,"{""A1"": ""He works in administration."", ""A2"": ""The school administration is helpful."", ""B1"": ""She has a job in hospital administration."", ""B2"": ""The new administration promised to lower taxes."", ""C1"": ""The cost of administration is very high."", ""C2"": ""Efficient administration is crucial for large organizations.""}","[""public administration"", ""business administration"", ""Trump administration"", ""administration cost""]","[""management"", ""government"", ""supervision"", ""control""]",[],"{""en"": [""administer"", ""administrator"", ""administrative""], ""ar"": [""مدير"", ""تسيير"", ""حكم""]}","{""noun"": ""administration"", ""verb"": ""administer"", ""adj"": ""administrative"", ""adv"": ""administratively""}",إدارة,administration,Verwaltung,administración,管理 (Guǎnlǐ),администрация,administração,管理 (Kanri),amministrazione,yönetim,B2_03,Adversarial_Long_Common,False
1823,description,noun,A1,1,1823,4,5,dɪˈskɹɪpʃən,dɪsˈkrɪpʃən,دِسْكْرِبْشَن,Wasf,de•scrip•tion,"A spoken or written account of a person, object, or event.",الوصف.. لما تحكي تفاصيل حاجة أو شكل حد بالكلام أو الكتابة.,Common phrase: 'fits the description' (looks like the person described).,Social Life & Communication,Communication,"[""#Writing"", ""#Details"", ""#Language""]",Neutral,الـ 'Script' 'السيناريو' بيكون فيه 'Description' 'وصف' للمشاهد.,"{""A1"": ""Read the description of the book."", ""A2"": ""She gave a good description of the thief."", ""B1"": ""The product description is on the label."", ""B2"": ""His description of the event was very detailed."", ""C1"": ""The beauty of the landscape defies description."", ""C2"": ""Police issued a detailed description of the suspect.""}","[""detailed description"", ""brief description"", ""job description"", ""fit the description""]","[""account"", ""report"", ""portrayal"", ""explanation""]",[],"{""en"": [""describe"", ""descriptive""], ""ar"": [""يصف"", ""وصفي""]}","{""noun"": ""description"", ""verb"": ""describe"", ""adj"": ""descriptive"", ""adv"": ""descriptively""}",وصف,description,Beschreibung,descripción,描述 (Miáoshù),описание,descrição,説明 (Setsumei),descrizione,tanım,A1_13,Adversarial_Long_Common,False
1217,decision-making,noun,C1,1,1217,4,9,dɪˈsɪʒən ˌmeɪkɪŋ,,دِسِجَن مَايْكِينْج,Ṣun' al-qarār,de•ci•sion••mak•ing,"The process of making choices, especially important ones.",صنع القرار. العملية اللي بتفكر فيها وتختار بين كذا حاجة عشان تاخد قرار مهم.,Key skill in business and leadership.,General / Common,Process,"[""#Business"", ""#Choice"", ""#Management""]",Neutral,,"{""A1"": ""Making choices is hard."", ""A2"": ""She is good at decision-making."", ""B1"": ""We need to improve our decision-making process."", ""B2"": ""He involves his team in decision-making."", ""C1"": ""Data analysis plays a crucial role in corporate decision-making."", ""C2"": ""Ethical considerations complicate the decision-making framework in medicine.""}","[""decision-making process"", ""decision-making skills"", ""participatory decision-making"", ""strategic decision-making""]","[""judgment"", ""selection"", ""choice""]","[""indecision""]","{""en"": [""decide"", ""decision"", ""maker""], ""ar"": [""يقرر"", ""قرار"", ""صانع""]}","{""noun"":""decision-making""}",صنع القرار,prise de décision,Entscheidungsfindung,toma de decisiones,决策 (Juécè),принятие решений,tomada de decisão,意思決定 (Ishi kettei),processo decisionale,karar verme,C1_01,Adversarial_Long_Common,False
1177,significant,adj,B2,1,1177,4,7,sɪɡˈnɪfɪkənt,,سِجْنِفِكَنت,Bāriz / Hāmm,sig•nif•i•cant,Sufficiently great or important to be worthy of attention.,هام أو ملحوظ.. حاجة كبيرة كفاية إننا ناخد بالنا منها أو نعتبرها مهمة.,"In statistics, it means 'not due to chance'.",General / Common,Attribute,"[""#Importance"", ""#Statistics"", ""#Impact""]",Neutral,فيها كلمة 'Sign' 'علامة'.. الحاجة الـ 'Significant' بتسيب 'Sign' واضحة ومهمة.,"{""A1"": ""It is a significant day."", ""A2"": ""There was a significant change in the weather."", ""B1"": ""He made a significant contribution to the team."", ""B2"": ""The study found a significant difference between the groups."", ""C1"": ""This is a significant milestone in our history."", ""C2"": ""The results were statistically significant.""}","[""significant role"", ""significant amount"", ""highly significant"", ""statistically significant""]","[""important"", ""notable"", ""meaningful"", ""substantial"", ""consequential""]","[""insignificant"", ""minor"", ""trivial""]","{""en"": [""significance"", ""signify"", ""sign"", ""signal""], ""ar"": [""أهمية"", ""يدل"", ""علامة"", ""إشارة""]}","{""noun"": ""significance"", ""verb"": ""signify"", ""adj"": ""significant"", ""adv"": ""significantly""}",بارز / هام,significatif,bedeutend,significativo,重要的 (Zhòngyào de),значительный,significativo,重要な (Jūyō na),significativo,önemli,B2_02,Adversarial_Long_Common,True
1620,long-standing,adj,C1,1,1620,4,9,ˈlɑːŋˌstæn.dɪŋ,ˈlɒŋˌstæn.dɪŋ,لُونْج سْتَانْدِينْج,Rāsikh / Qadīm,long••s•tand•ing,Having existed or continued for a long time.,راسخ أو بقاله زمن طويل. وصف لحاجة موجودة ومستمرة من فترة كبيرة، زي عادة أو اتفاق.,Usually implies stability or tradition.,General / Common,Time,"[""#Time"", ""#Tradition"", ""#Duration"", ""#History""]",Neutral,'Long' 'طويل' + 'Standing' 'واقف/قائم'.. يعني 'Standing' 'قائم' وموجود بقاله وقت 'Long'.,"{""A1"": ""It is a long-standing rule."", ""A2"": ""They have a long-standing friendship."", ""B1"": ""This is a long-standing tradition in our family."", ""B2"": ""The two countries have a long-standing agreement."", ""C1"": ""We need to resolve this long-standing dispute."", ""C2"": ""His long-standing commitment to the project was finally rewarded.""}","[""long-standing tradition"", ""long-standing relationship"", ""long-standing problem"", ""long-standing agreement""]","[""established"", ""enduring"", ""traditional"", ""persistent""]","[""recent"", ""new"", ""short-lived""]","{""en"": [""time"", ""tradition"", ""history"", ""old""], ""ar"": [""وقت"", ""تقليد"", ""تاريخ"", ""قديم""]}","{""noun"":""standing"",""verb"":""stand"",""adj"":""standing""}",منذ فترة طويلة / راسخ,de longue date,langjährig,de larga data,长期的 (Chángqī de),давний,de longa data,長年の (Naganen no),di lunga data,uzun süreli,C1_01,Adversarial_Long_Common,False
1151,interesting,adj,A1,1,1151,3,5,ˈɪntrəstɪŋ,ˈɪntrəstɪŋ,إِنْتْرِسْتِنْج,Muthīr lil-ihtimām / Shayyiq,in•ter•est•ing,Arousing curiosity or interest; holding or catching the attention.,حاجة بتشد انتباهك وبتخليك عايز تعرف عنها أكتر، مش مملة.,Don't confuse with 'interested' (the feeling you have). The book is interesting; you are interested.,Feelings & Emotions,Attribute,"[""#Opinion"", ""#Quality"", ""#Engagement""]",Neutral,كلمة 'Interest' يعني اهتمام.. فالشيء الـ 'Interesting' هو اللي بيثير الـ 'Interest' عندك.,"{""A1"": ""This book is very interesting."", ""A2"": ""She has an interesting job."", ""B1"": ""It is interesting to see how they live."", ""B2"": ""He made an interesting point during the meeting."", ""C1"": ""The results of the study are statistically interesting."", ""C2"": ""It presents an interesting dilemma for the government.""}","[""very interesting"", ""interesting idea"", ""find something interesting""]","[""fascinating"", ""engaging"", ""compelling"", ""exciting""]","[""boring"", ""dull"", ""uninteresting""]","{""en"": [""interest"", ""interested"", ""interestingly""], ""ar"": [""اهتمام"", ""مهتم"", ""بشكل مثير للاهتمام""]}","{""noun"": ""interest"", ""verb"": ""interest"", ""adj"": ""interesting"", ""adv"": ""interestingly""}",مثير للاهتمام / شيق,intéressant,interessant,interesante,有趣 (Yǒuqù),интересный,interessante,面白い (Omoshiroi),interessante,ilginç,A1_11,Adversarial_Long_Common,False
1636,engineering,noun,B1,1,1636,4,7,ˌendʒəˈnɪrɪŋ,,إِنْجِنِيرِنْج,Handasa,en•gi•neer•ing,"The work of designing and building machines, roads, and bridges using science.",علم الهندسة، يعني تصميم وبناء الآلات والمباني والطرق باستخدام العلم.,"Often combined with a specialization, e.g., 'civil engineering', 'software engineering'.",Actions & Processes,Concept,"[""#Science"", ""#Technology"", ""#Career""]",Neutral,كلمة 'Engineering' جاية من 'Engine' 'مُحرك'.. الـ 'Engineering' هو العلم اللي بيخلينا نصمم الـ 'Engine'.,"{""A1"": ""He studies engineering at school."", ""A2"": ""Engineering is a difficult subject."", ""B1"": ""Software engineering is a popular career choice."", ""B2"": ""The bridge is a masterpiece of modern engineering."", ""C1"": ""Genetic engineering has raised many ethical questions."", ""C2"": ""The project requires complex civil engineering solutions.""}","[""civil engineering"", ""software engineering"", ""electrical engineering"", ""genetic engineering"", ""engineering degree""]","[""technology"", ""design"", ""construction"", ""technical studies""]",[],"{""en"": [""engineer"", ""engine"", ""technical"", ""mechanic""], ""ar"": [""مهندس"", ""محرك"", ""تقني"", ""ميكانيكي""]}","{""noun"":""engineer"",""verb"":""engineer"",""adj"":""engineered""}",هندسة,ingénierie,Ingenieurwesen,ingeniería,工程 (Gōngchéng),инженерия,engenharia,工学 (Kōgaku),ingegneria,mühendislik,B1_05,Adversarial_Long_Common,True
1295,independent,adj,A2,1,1295,4,6,ɪndɪˈpɛndənt,ɪndɪˈpendənt,إِنْدِبَنْدَنْت,Mustaqilun,in•de•pen•dent,Free from outside control; not depending on another's authority.,مستقل، يعني مش بيعتمد على حد ولا حد بيتحكم فيه.,"Can describe countries, people, or companies.",General / Common,State,"[""#Freedom"", ""#Autonomy"", ""#Self""]",Neutral,زي 'Independence Day' عيد الاستقلال.,"{""A1"": ""She is an independent woman."", ""A2"": ""The country became independent in 1960."", ""B1"": ""I want to be financially independent."", ""B2"": ""We need an independent opinion."", ""C1"": ""The study was conducted by an independent body."", ""C2"": ""Quantum events are statistically independent.""}","[""independent country"", ""financially independent"", ""independent study"", ""independent contractor""]","[""free"", ""autonomous"", ""self-sufficient""]","[""dependent"", ""controlled""]","{""en"": [""independence"", ""independently""], ""ar"": [""استقلال"", ""بشكل مستقل""]}","{""noun"":""independence"",""adj"":""independent"",""adv"":""independently""}",مستقل,indépendant,unabhängig,independiente,独立的 (Dúlì de),независимый,independente,独立した (Dokuritsu shita),indipendente,bağımsız,A2_07,Adversarial_Long_Common,True
1572,understanding,noun,A2,1,1572,4,6,ˌʌndərˈstændɪŋ,ˌʌndəˈstændɪŋ,أَنْدَرْسْتاندينج,Fahm / Ittifaq,un•der•stand•ing,The ability to understand something; an agreement.,الفهم أو الاستيعاب، وساعات بتيجي بمعنى اتفاق ودي بين اتنين.,Can mean 'knowledge' (understanding of math) or 'agreement' (come to an understanding).,Mind & Thinking,Concept,"[""#Knowledge"", ""#Agreement"", ""#Mind""]",Neutral,الاسم من 'Understand'.. الـ 'Understanding' هو 'الفهم' نفسه.,"{""A1"": ""My understanding is slow."", ""A2"": ""He has a good understanding of English."", ""B1"": ""We have an understanding that he will pay later."", ""B2"": ""She showed a deep understanding of the problem."", ""C1"": ""It is my understanding that the meeting is cancelled."", ""C2"": ""This goes beyond human understanding.""}","[""better understanding"", ""clear understanding"", ""come to an understanding""]","[""comprehension"", ""grasp"", ""agreement"", ""insight""]","[""ignorance"", ""misunderstanding""]","{""en"": [""knowledge"", ""agreement"", ""intelligence""], ""ar"": [""معرفة"", ""اتفاق"", ""ذكاء""]}","{""noun"": ""understanding"", ""verb"": ""understand"", ""adj"": ""understandable"", ""adv"": ""understandably""}",فهم / اتفاق,compréhension,Verständnis,entendimiento,理解 (Lǐjiě),понимание,entendimento,理解 (Rikai),comprensione,anlayış,A2_08,Adversarial_Long_Common,False
1765,investigation,noun,B2,1,1765,4,7,ɪnˌvɛs.təˈɡeɪ.ʃən,ɪnˌves.tɪˈɡeɪ.ʃən,إِنْفِسْتِجَيْشَن,Tahqiq,in•ves•ti•ga•tion,The action of investigating something or someone; formal examination.,التحقيق، لما الشرطة أو حد يدور ورا موضوع عشان يعرف الحقيقة والتفاصيل.,Often used in legal or police contexts.,Mind & Thinking,Process,"[""#Police"", ""#Research"", ""#Law""]",Neutral,الـ 'Vest' 'سترة' بتاعت الشرطة دايماً موجودة في أي 'Investigation' 'تحقيق'.,"{""A1"": ""The police started an investigation."", ""A2"": ""The investigation took a long time."", ""B1"": ""They are under investigation for fraud."", ""B2"": ""A thorough investigation revealed the truth."", ""C1"": ""The journalist conducted an undercover investigation."", ""C2"": ""The scientific investigation yielded unexpected results regarding the virus.""}","[""under investigation"", ""criminal investigation"", ""conduct an investigation""]","[""examination"", ""inquiry"", ""probe"", ""study""]",[],"{""en"": [""investigate"", ""investigator"", ""investigative""], ""ar"": [""يحقق"", ""محقق"", ""تحقيقي""]}","{""noun"":""investigation"",""verb"":""investigate"",""adj"":""investigative""}",تحقيق,enquête,Ermittlung,investigación,调查 (Diàochá),расследование,investigação,調査 (Chōsa),indagine,soruşturma,B2_05,Adversarial_Long_Common,True
5044,wit,noun,C1,1,5044,5,7,wɪt,,وِت,Khiffat dam / Dhakā' / Fiṭna / Fukāhī,,Mental sharpness and inventiveness; keen intelligence and humor.,سرعة البديهة وخفة الدم، الشخص اللي بيعرف يرد ردود ذكية وتضحك في نفس الوقت.,Can refer to the ability (he has wit) or the person (he is a wit).,Social Life & Communication,Attribute,"[""#Humor"", ""#Intelligence"", ""#Speech"", ""#Personality""]",Neutral,كلمة 'Wit' قريبة من 'White'.. بس ممكن تفتكرها بإن الشخص الـ 'Wit' دمه خفيف و'White' 'أبيض' وقلبه نظيف.,"{""A1"": ""He has quick wit."", ""A2"": ""Her wit makes everyone laugh."", ""B1"": ""The book is full of dry wit."", ""B2"": ""She is known for her sharp wit and intelligence."", ""C1"": ""His speech was a masterpiece of wit and sarcasm."", ""C2"": ""To wit, the argument presented was fundamentally flawed.""}","[""sharp wit"", ""dry wit"", ""quick wit"", ""native wit""]","[""humor"", ""cleverness"", ""repartee"", ""intelligence""]","[""stupidity"", ""dullness""]","{""en"": [""witty"", ""witticism"", ""funny""], ""ar"": [""ذكي"", ""نكتة"", ""مضحك""]}","{""noun"":""wit"",""adj"":""witty"",""adv"":""wittily""}",خفة دم / ذكاء / فطنة / فكاهي,esprit,Witz,ingenio,风趣 (Fēngqù),остроумие,espírito,機知 (Kichi),arguzia,kıvrak zeka,C1_16,Adversarial_Short_Rare,False
6301,fuse,noun,C1,0,6301,5,7,fjuːz,,فْيُوز,Fatīl / Munṣahir,,A safety device that stops the flow of electric current if it becomes too strong.,السلك الرفيع اللي بيقطع الكهربا لما التيار يزيد عشان الأجهزة ما تتحرقش، أو فتيل القنبلة.,Also refers to the cord lit to detonate an explosive.,Objects & Tools,Tool,"[""#Electricity"", ""#Safety"", ""#Explosive""]",Neutral,لو الـ 'Fuse' ضرب، الدنيا بتبقى 'Confused' وضلمة,"{""A1"": ""The light fuse blew."", ""A2"": ""We need to change the fuse."", ""B1"": ""The bomb had a short fuse."", ""B2"": ""Check the fuse box if the power goes out."", ""C1"": ""A blown fuse caused the machine to stop working."", ""C2"": ""The metaphorical fuse was lit for the revolution.""}","[""blow a fuse"", ""fuse box"", ""short fuse""]","[""circuit breaker"", ""safety switch"", ""wick""]",[],"{""en"": [""electricity"", ""wire"", ""blow""], ""ar"": [""كهرباء"", ""سلك""]}","{""noun"":""fuse"",""verb"":""fuse"",""adj"":""fused""}",فتيل / صمام,fusible,Sicherung,fusible,保险丝 (Bǎoxiǎnsī),предохранитель,fusível,ヒューズ (Hyūzu),fusibile,sigorta,C1_28,Adversarial_Short_Rare,False
5167,dial,noun,B1,0,5167,5,7,ˈdaɪəl,,دايَل,Qurs al-ittisal / Wajh al-sa'a,di•al,A face of a clock or a rotating disc for control.,القرص اللي بتلفه عشان تظبط حاجة.. زي قرص التليفون القديم أو الساعة,Often used in 'speed dial' or 'turn the dial'.,Objects & Tools,Tool,"[""#Technology"", ""#Control"", ""#Interface"", ""#Clock""]",Neutral,الـ 'Dial' هو القرص اللي بتلفه.. زي زمان في التليفونات القديمة,"{""A1"": ""Look at the dial."", ""A2"": ""Turn the dial to change the channel."", ""B1"": ""The washing machine has a dial for temperature."", ""B2"": ""Check the pressure dial on the boiler."", ""C1"": ""The instrument panel was full of dials and switches."", ""C2"": ""He adjusted the vernier dial for precise measurement.""}","[""speed dial"", ""turn the dial"", ""radio dial""]","[""control"", ""gauge"", ""face""]",[],"{""en"": [""clock"", ""phone"", ""switch""], ""ar"": [""ساعة"", ""هاتف"", ""مفتاح""]}","{""noun"":""dial"",""verb"":""dial""}",قُرْص الاتِّصال / وَجْه الساعَة,cadran,Zifferblatt,dial,刻度盘 (Kèdù pán),tsiferblat,mostrador,文字盤 (Mojiban),quadrante,kadran,B1_17,Adversarial_Short_Rare,False
6841,moor,noun,C2,0,6841,5,9,mʊr,mɔː,مور,Mustanqaʿ / Arḍ būr,,"Open, uncultivated land with poor soil, often covered with heather.",أرض واسعة مفتوحة مش مزروعة، وغالباً بتكون تربتها مش خصبة وفيها شجيرات صغيرة.,"Also a verb meaning to tie a boat. The noun often appears in literature (e.g., Wuthering Heights).",General / Common,Place,"[""#Landscape"", ""#Nature"", ""#Land"", ""#Geography""]",Neutral,كلمة 'Moor' بتفكرنا بـ 'More'.. الأرض دي واسعة ومحتاجة شغل 'More' ومجهود عشان تتزرع.,"{""A1"": ""The boat is at the moor."", ""A2"": ""We walked across the moor."", ""B1"": ""The moor is covered in fog."", ""B2"": ""Sheep graze on the open moor."", ""C1"": ""The castle stood isolated on the windy moor."", ""C2"": ""The desolate beauty of the moor inspired many poets.""}","[""open moor"", ""moor land"", ""moor boat""]","[""heath"", ""moorland"", ""wasteland""]",[],"{""en"": [""swamp"", ""marsh"", ""bog""], ""ar"": [""مستنقع"", ""هور"", ""سبخة""]}","{""noun"":""moor"",""verb"":""moor""}",مستنقع / أرض بور,lande,Moor,páramo,荒野 (Huāngyě),вересковая пустошь,charneca,荒野 (Kōya),brughiera,bozkır,C2_02,Adversarial_Short_Rare,False
5029,flu,noun,A2,1,5029,5,5,fluː,,فْلُو,Al-Influwenza,,"An infectious illness like a very bad cold that causes fever, pains, and weakness.",دور برد شديد بييجي من فيروس، بيخلي جسمك مكسر وحرارتك عالية، وممكن يقعد كذا يوم.,Commonly used with the verb 'catch' or 'have'. It is short for 'influenza'.,General / Common,Condition,"[""#Illness"", ""#Health"", ""#Virus""]",Neutral,كلمة 'Flu' قريبة من كلمة 'Flow' 'تدفق'.. لأن الـ 'Flu' بيخلي مناخيرك فيها 'Flow' وسيلان مستمر.,"{""A1"": ""I have the flu."", ""A2"": ""She stayed home because of the flu."", ""B1"": ""You should get a flu shot every winter."", ""B2"": ""The flu epidemic spread quickly through the school."", ""C1"": ""Symptoms of the flu include fatigue and high fever."", ""C2"": ""The strain of flu this year is particularly virulent.""}","[""catch the flu"", ""flu shot"", ""bad flu""]","[""influenza"", ""virus"", ""bug""]","[""health""]","{""en"": [""fever"", ""cold"", ""symptom""], ""ar"": [""حمى"", ""برد"", ""عرض""]}",,الإنفلونزا,grippe,Grippe,gripe,流感 (Liú gǎn),грипп,gripe,インフルエンザ (Infuruenza),influenza,grip,A2_18,Adversarial_Short_Rare,False
7164,gulp,noun,C1,0,7164,6,8,ɡʌlp,,جَلْب,Bale,,An act of swallowing food or drink quickly or in large amounts.,البلع بصوت عالي أو بسرعة، زي لما تشرب مية كتير وأنت عطشان، أو بلع الريق من الخوف.,Often associated with nervousness (gulping air) or thirst.,Actions & Processes,Action,"[""#Eating"", ""#Drinking"", ""#Sound""]",Neutral,الصوت اللي بيطلع لما تبلع مية كتير مرة واحدة 'Gulp!'.,"{""A1"": ""He took a gulp of water."", ""A2"": ""She finished the milk in one gulp."", ""B1"": ""He gave a nervous gulp before speaking."", ""B2"": ""With a large gulp, he swallowed the medicine."", ""C1"": ""She took a gulp of air before diving underwater."", ""C2"": ""The gulp of hot coffee burned his throat.""}","[""big gulp"", ""nervous gulp"", ""gulp of air""]","[""swallow"", ""swig"", ""draught"", ""mouthful""]","[""sip"", ""nibble""]","{""en"": [""swallow"", ""drink"", ""choke"", ""sip""], ""ar"": [""يبتلع"", ""يشرب"", ""يختنق"", ""يرتشف""]}","{""noun"":""gulp"",""verb"":""gulp""}",بلع,gorgée,Schluck,trago,一大口 (Yī dà kǒu),глоток,gole,ごくり (Gokuri),sorso,yudum,C1_37,Adversarial_Short_Rare,False
5673,memo,noun,C1,1,5673,5,8,ˈmɛm.oʊ,ˈmem.əʊ,مِمُو,Mudhakkirah,,"A written message, especially in business.",رسالة قصيرة أو مذكرة بنكتبها في الشغل عشان نبلغ حد بحاجة.,Short for 'memorandum'.,Social Life & Communication,Communication,"[""#Business"", ""#Writing"", ""#Office""]",Neutral,اختصار لـ 'Memorandum'.. وافتكر 'Memory' 'ذاكرة'.. الـ 'Memo' عشان تفكرك وتكون في الـ 'Memory'.,"{""A1"": ""Read the memo."", ""A2"": ""The boss sent a memo."", ""B1"": ""I wrote a memo to the staff."", ""B2"": ""The internal memo outlined the new rules."", ""C1"": ""The leaked memo caused a scandal."", ""C2"": ""He drafted a confidential memo regarding the merger.""}","[""internal memo"", ""write a memo"", ""confidential memo""]","[""note"", ""message"", ""memorandum""]",[],"{""en"": [""memory"", ""remind"", ""note""], ""ar"": [""ذاكرة"", ""يذكر"", ""ملاحظة""]}","{""noun"":""memo""}",مذكرة,mémo,Notiz,memorándum,备忘录 (Bèiwànglù),служебная записка,memorando,メモ (Memo),promemoria,not,C1_22,Adversarial_Short_Rare,False
5433,stir,noun,C1,1,5433,5,7,stɜɹ,stɜː,سْتِر,Ḍajja / Ḥaraka,,A commotion or disturbance; or an act of mixing.,حركة وضجة وقلق بين الناس، أو حركة تقليب الأكل.,Idiom: 'cause a stir' (create excitement/controversy).,General / Common,Event,"[""#Commotion"", ""#Mix"", ""#Excitement""]",Neutral,لما تعمل 'Stir' 'تقليب' للشاي بتعمل دوامة.. ولما تعمل 'Stir' في الناس بتعمل ضجة,"{""A1"": ""Give the soup a stir."", ""A2"": ""I heard a stir in the bushes."", ""B1"": ""Her speech caused quite a stir."", ""B2"": ""The news created a stir in the village."", ""C1"": ""His resignation caused a stir in the political world."", ""C2"": ""There was a stir of anticipation in the crowd.""}","[""cause a stir"", ""create a stir"", ""give it a stir""]","[""commotion"", ""disturbance"", ""excitement"", ""flurry""]","[""calm"", ""peace"", ""quiet""]","{""en"": [""movement"", ""agitation"", ""mix""], ""ar"": [""حركة"", ""هياج"", ""خلط""]}","{""noun"":""stir"",""verb"":""stir"",""adj"":""stirring""}",ضجة / حركة,remue-ménage,Aufregung,revuelo,骚动 (Sāodòng),переполох,agitação,騒ぎ (Sawagi),tazzbuglio,kargaşa,C1_16,Adversarial_Short_Rare,False
7144,defy,noun,C1,1,7144,5,8,dɪˈfaɪ,,دِفَاي,Yataḥaddā,de•fy,To openly resist or refuse to obey.,يتحدى أو يرفض طاعة الأوامر بشكل علني.,Can also mean 'to be impossible to' (defy explanation/description).,General / Common,Action,"[""#Rebel"", ""#Resist"", ""#Challenge""]",Neutral,جاية من نفس أصل 'Defy' 'الفعل' و 'Defense' 'دفاع'.. هو قمة الـ 'دِفاع' عن النفس بالتحدي.,"{""A1"": ""Do not defy the rules."", ""A2"": ""He defied his parents."", ""B1"": ""She decided to defy the tradition."", ""B2"": ""The aircraft seems to defy gravity."", ""C1"": ""The beauty of the landscape defies description."", ""C2"": ""He continued to defy the court order despite the consequences.""}","[""defy gravity"", ""defy description"", ""defy logic"", ""defy orders""]","[""resist"", ""challenge"", ""disobey""]","[""obey"", ""submit""]","{""en"": [""defiance"", ""defiant""], ""ar"": [""تحدي"", ""متحدي""]}","{""noun"": ""defiance"", ""verb"": ""defy"", ""adj"": ""defiant"", ""adv"": ""defiantly""}",يتحدى,défier,trotzen,desafiar,违抗 (Wéikàng),бросать вызов,desafiar,逆らう (Sakarau),sfidare,karşı gelmek,C1_32,Adversarial_Short_Rare,False
5341,opt,verb,C1,1,5341,5,7,ɑːpt,ɒpt,آبْت,Yakhtār / Yuqarrir,,To make a choice from a range of possibilities.,يعني تختار حاجة معينة من وسط اختيارات كتير قدامك.,Almost always followed by 'for' (opt for something) or 'to' (opt to do something). 'Opt out' means to choose not to participate.,Mind & Thinking,Action,"[""#Choice"", ""#Decision"", ""#Preference""]",Neutral,جاية من كلمة 'Option' يعني خيار.. لما تعمل 'Opt' يعني بتاخد الـ 'Option' اللي يناسبك.,"{""A1"": ""I opt for the red car."", ""A2"": ""We opted to stay home."", ""B1"": ""Many students opt for business courses."", ""B2"": ""You can opt out of the newsletter at any time."", ""C1"": ""Consumers often opt for cheaper alternatives during a recession."", ""C2"": ""Given the circumstances, the committee opted to suspend the rules.""}","[""opt for"", ""opt out"", ""opt in"", ""opt to do""]","[""choose"", ""select"", ""decide"", ""pick"", ""prefer""]","[""reject"", ""refuse""]","{""en"": [""option"", ""optional"", ""choice"", ""selection""], ""ar"": [""خيار"", ""اختياري"", ""اختيار""]}","{""noun"": ""option"", ""verb"": ""opt"", ""adj"": ""optional"", ""adv"": ""optionally""}",يختار / يقرر,opter,wählen,optar,选择 (Xuǎnzé),выбирать,optar,選ぶ (Erabu),optare,tercih etmek,C1_19,Adversarial_Short_Rare,False
2696,trick,verb,B1,1,2696,4,6,tɹɪk,,تْرِك,Yakhdaʿ,,To deceive or outwit someone using a scheme.,يخدع حد أو يضحك عليه بحيلة.,Often followed by 'into' (tricked him into doing something).,Actions & Processes,Action,"[""#Deceive"", ""#Lie"", ""#Manipulate""]",Neutral,نفس الاسم.. 'Trick' يعني يخدع ويعمل مقلب.,"{""A1"": ""Don't trick me."", ""A2"": ""He tricked his friend."", ""B1"": ""They tricked her into signing the papers."", ""B2"": ""You can't trick me with that old excuse."", ""C1"": ""The scammer tricked elderly people out of their savings."", ""C2"": ""The eye is easily tricked by optical illusions.""}","[""trick into"", ""trick out of"", ""get tricked"", ""easily tricked""]","[""deceive"", ""delude"", ""hoodwink"", ""fool""]","[""be honest"", ""guide""]","{""en"": [""tricky"", ""trickster""], ""ar"": [""مخادع"", ""محتال""]}","{""noun"": ""trick"", ""verb"": ""trick"", ""adj"": ""tricky"", ""adv"": ""trickily""}",يخدع,duper,austricksen,engañar,欺骗 (Qīpiàn),обманывать,enganar,騙す (Damasu),ingannare,kandırmak,B1_10,Polysemy_Multi_POS,False
2902,trick,noun,B1,1,2902,4,5,tɹɪk,,تْرِك,Ḥīla / Khudʿa,,A cunning or skillful act or scheme intended to deceive or outwit someone.,خدعة أو حيلة، زي اللي بيعملها الساحر 'Magic trick' أو مقلب في حد.,Can imply fun (magic trick) or malice (dirty trick).,Actions & Processes,Action,"[""#Magic"", ""#Deception"", ""#Skill""]",Neutral,كلمة 'Trick' يعني تِركاية.. زي لما الساحر يعمل 'Trick' ويخدع عينك.,"{""A1"": ""It was a magic trick."", ""A2"": ""He played a trick on me."", ""B1"": ""Is this a trick question?"", ""B2"": ""She knows all the tricks of the trade."", ""C1"": ""The lighting was just a visual trick."", ""C2"": ""He fell for the confidence trick and lost his money.""}","[""play a trick"", ""dirty trick"", ""magic trick"", ""trick question""]","[""ruse"", ""ploy"", ""scheme"", ""prank""]","[""truth"", ""reality""]","{""en"": [""tricky"", ""trickster""], ""ar"": [""مخادع"", ""محتال""]}","{""noun"": ""trick"", ""verb"": ""trick"", ""adj"": ""tricky"", ""adv"": ""trickily""}",حيلة / خدعة,truc,Trick,truco,诡计 (Guǐjì),трюк,truque,トリック (Torikku),trucco,hile,B1_10,Polysemy_Multi_POS,False
138,still,adv,A1,1,138,3,3,stɪl,,سْتِل,Mā Zāl / Lā Yazāl,,Continuing to happen or continuing to be done.,بنستخدمها لما نتكلم عن حاجة لسه بتحصل أو لسه موجودة لحد دلوقتي. بمعنى 'لسه' أو 'ما زال'.,Usually placed before the main verb or after 'be'.,Objects & Tools,Time,"[""#Continuity"", ""#Time"", ""#Duration""]",Neutral,كلمة 'Still' يعني لسه.. أنا 'Still' مستنيك يعني لسه مستنيك.,"{""A1"": ""I am still hungry."", ""A2"": ""Do you still live here?"", ""B1"": ""He is still working on the project."", ""B2"": ""It was late, but she was still awake."", ""C1"": ""Better still, let's meet tomorrow instead."", ""C2"": ""He has treated them well; still, they are not satisfied.""}","[""still here"", ""still waiting"", ""still alive"", ""better still"", ""still working""]","[""yet"", ""even now"", ""nevertheless""]","[""no longer""]","{""en"": [""yet"", ""continue"", ""remain""], ""ar"": [""حتى الآن"", ""مع ذلك"", ""بقي""]}","{""noun"": ""stillness"", ""verb"": ""still"", ""adj"": ""still"", ""adv"": ""still""}",ما زال / لا يَزال,encore,noch,todavía,仍然 (Réngrán),все еще,ainda,まだ (Mada),ancora,hâlâ,A1_03,Polysemy_Multi_POS,False
229,still,adj,B1,1,229,3,5,stɪl,,سْتِل,Sākin / Hādiʾ,,Not moving or making a sound.,يعني حاجة ثابتة ما بتتحركش وهادية تماماً، زي المية الراكدة أو لما تقف مكانك من غير حركة.,Often used in instructions like 'stand still' or describing water/air.,Objects & Tools,State,"[""#Calm"", ""#Motionless"", ""#Quiet""]",Neutral,كلمة 'Still' شبه 'Steel' 'الصلب'.. والصلب جامد و 'Still' في مكانه ما بيتحركش.,"{""A1"": ""Please stand still."", ""A2"": ""The water was very still."", ""B1"": ""Keep your head still while I cut your hair."", ""B2"": ""The air was still and humid."", ""C1"": ""In the still of the night, I heard a noise."", ""C2"": ""His heart grew still with fear.""}","[""stand still"", ""keep still"", ""sit still"", ""still water"", ""still life""]","[""motionless"", ""quiet"", ""calm""]","[""moving"", ""active"", ""agitated""]","{""en"": [""calm"", ""quiet"", ""silent""], ""ar"": [""هادئ"", ""صامت"", ""ثابت""]}","{""noun"": ""stillness"", ""verb"": ""still"", ""adj"": ""still"", ""adv"": ""still""}",ساكِن / هادِئ,immobile,still,inmóvil,静止的 (Jìngzhǐ de),неподвижный,imóvel,静止した (Seishi shita),immobile,durgun,B1_01,Polysemy_Multi_POS,False
63,now,conj,B1,1,63,2,4,naʊ,,نَاو,Bimā 'anna / Al-ān wa-qad,,As a consequence of the fact that; since.,بمعنى 'بما أن' أو 'مدام'.. بنستخدمها عشان نربط سبب بنتيجة حصلت دلوقتي.,"Often followed by 'that' (e.g., 'Now that...').","Numbers, Time & Math",Relation,"[""#Reason"", ""#Conjunction"", ""#Logic""]",Neutral,زي ما بتقول: 'Now' 'دلوقتي' إننا خلصنا، نقدر نمشي.,"{""A1"": ""Now I see, I understand."", ""A2"": ""Now you mention it, I do remember."", ""B1"": ""Now that you are here, we can start."", ""B2"": ""Now the rain has stopped, we can go outside."", ""C1"": ""Now that the crisis is over, we must rebuild."", ""C2"": ""Now that the premises have been established, the conclusion follows.""}","[""now that""]","[""since"", ""seeing that""]",[],"{""en"": [""because"", ""as""], ""ar"": [""لأن"", ""حيث""]}",,بِمَا أنَّ / الآنَ وقَد,puisque,nun da,ya que,既然 (Jì rán),"теперь, когда",já que,今や (Imaya),ora che,mademki,B1_01,Polysemy_Multi_POS,False
242,now,adv,A1,1,242,2,2,naʊ,,نَاو,Al-ān,,At the present time or moment.,يعني 'دلوقتي' أو 'في اللحظة دي'.,Can refer to the immediate moment or the current period of time.,"Numbers, Time & Math",Time,"[""#Time"", ""#Present"", ""#Urgency""]",Neutral,كلمة 'Now' شبه صوت القطة 'Meow'.. القطة عايزة أكل 'Now' 'دلوقتي'!,"{""A1"": ""I am busy now."", ""A2"": ""Where are you living now?"", ""B1"": ""She should be here by now."", ""B2"": ""From now on, we must be careful."", ""C1"": ""Now is the winter of our discontent."", ""C2"": ""The once-thriving industry is now but a memory.""}","[""right now"", ""just now"", ""by now"", ""from now on""]","[""currently"", ""at present"", ""immediately""]","[""then"", ""later""]","{""en"": [""today"", ""moment""], ""ar"": [""اليوم"", ""لحظة""]}",,الآن,maintenant,jetzt,ahora,现在 (Xiàn zài),сейчас,agora,今 (Ima),adesso,şimdi,A1_04,Polysemy_Multi_POS,False
438,hand,verb,B1,1,438,3,4,hænd,,هَانْد,Yunawil / Yusallim,,To give or pass something to someone.,يناول حاجة لحد بإيده. زي لما تقول لحد 'ناولني الملح'.,"Often followed by 'over', 'in', or 'out' (phrasal verbs).",Health & Senses,Action,"[""#Give"", ""#Pass"", ""#Transfer""]",Neutral,,"{""A1"": ""Hand me the book."", ""A2"": ""Please hand in your homework."", ""B1"": ""He handed the keys to the valet."", ""B2"": ""They were handing out flyers on the street."", ""C1"": ""The tradition was handed down from generation to generation."", ""C2"": ""He handed over control of the company to his son.""}","[""hand over"", ""hand in"", ""hand out"", ""hand down""]","[""give"", ""pass"", ""submit"", ""deliver""]","[""take"", ""keep""]","{""en"": [""handout"", ""handover""], ""ar"": [""صدقة"", ""تسليم""]}","{""noun"": ""hand"", ""verb"": ""hand"", ""adj"": ""handy"", ""adv"": ""handily""}",يُنَاوِل / يُسَلِّم,donner,reichen,entregar,递 (Dì),вручать,entregar,手渡す (Tewatasu),porgere,uzatmak,B1_01,Polysemy_Multi_POS,False
644,hand,noun,A1,1,644,3,3,hænd,,هَانْد,Yad,,The body part at the end of the arm.,إيدك اللي بتمسك بيها الحاجات. وممكن تيجي بمعنى مساعدة زي 'give a hand'.,"Used in many idioms: 'give a hand' (help), 'on the other hand' (contrast).",Health & Senses,Object,"[""#Body"", ""#Anatomy"", ""#Help""]",Neutral,كلمة 'Hand' قريبة من 'Handle'.. بتستخدم الـ 'Hand' عشان تعمل 'Handle' وتمسك الأمور.,"{""A1"": ""Wash your hands."", ""A2"": ""Hold my hand, please."", ""B1"": ""Can you give me a hand with this?"", ""B2"": ""On the other hand, it might rain."", ""C1"": ""The matter is now out of my hands."", ""C2"": ""He ruled the country with an iron hand.""}","[""shake hands"", ""right hand"", ""give a hand"", ""on the one hand""]","[""palm"", ""fist"", ""paw""]","[""foot""]","{""en"": [""handle"", ""handful"", ""handy""], ""ar"": [""مقبض"", ""حفنة"", ""مفيد""]}","{""noun"": ""hand"", ""verb"": ""hand"", ""adj"": ""handy"", ""adv"": ""handily""}",يَد,main,Hand,mano,手 (Shǒu),рука,mão,手 (Te),mano,el,A1_07,Polysemy_Multi_POS,False
4449,dump,verb,B2,1,4449,4,6,dʌmp,,دامب,Yarmi / Yatakhallas min,,"To get rid of something you do not want, especially in a careless way.",إنك ترمي حاجة مش عايزها بإهمال، أو تنهي علاقة مع حد فجأة.,Also used informally for ending a romantic relationship ('She dumped him').,Actions & Processes,Action,"[""#Waste"", ""#Relationships"", ""#Disposal""]",Neutral,صوت 'Dump' كأنك بترمي حاجة تقيلة على الأرض 'دب'.. يعني تتخلص منها.,"{""A1"": ""Don't dump trash here."", ""A2"": ""He dumped his bag on the floor."", ""B1"": ""They dumped the old furniture in the street."", ""B2"": ""She dumped her boyfriend last night."", ""C1"": ""The company was accused of dumping toxic waste in the river."", ""C2"": ""Foreign producers were accused of dumping cheap steel on the market.""}","[""dump waste"", ""dump a boyfriend"", ""illegal dumping""]","[""discard"", ""dispose of"", ""ditch"", ""abandon""]","[""keep"", ""retain"", ""preserve""]","{""en"": [""disposal"", ""waste"", ""litter""], ""ar"": [""تخلص"", ""إلقاء""]}","{""noun"":""dump"",""verb"":""dump""}",يرمي / يتخلص من,jeter,abladen,tirar,倾倒 (Qīngdǎo),сбрасывать,despejar,捨てる (Suteru),scaricare,dökmek,B2_22,Polysemy_Multi_POS,False
4757,dump,noun,B2,1,4757,4,5,dʌmp,,دامب,Makab nifāyāt,,A place where garbage or waste is taken and left.,مكان بنرمي فيه الزبالة، أو مكان مش نضيف ومهمل بنقول عليه كدة.,Can be used informally to describe a messy or unpleasant room/building ('This place is a dump').,Actions & Processes,Place,"[""#Waste"", ""#Environment"", ""#Pollution""]",Neutral,كلمة 'Dump' صوتها تقيل زي حاجة بتترمي 'دب'.. المكان اللي بنرمي فيه الزبالة.,"{""A1"": ""The car is at the dump."", ""A2"": ""We took the old sofa to the rubbish dump."", ""B1"": ""The city dump is full of plastic waste."", ""B2"": ""His apartment is a complete dump; he never cleans it."", ""C1"": ""The company was fined for using an illegal chemical dump."", ""C2"": ""The data dump provided evidence of the fraud.""}","[""garbage dump"", ""rubbish dump"", ""what a dump"", ""toxic dump""]","[""tip"", ""landfill"", ""junkyard""]",[],"{""en"": [""trash"", ""garbage"", ""waste""], ""ar"": [""قمامة"", ""زبالة""]}","{""noun"":""dump"",""verb"":""dump""}",مكب نفايات,décharge,Müllkippe,basurero,垃圾场 (Lājī chǎng),свалка,lixão,ゴミ捨て場 (Gomisuteba),discarica,çöplük,B2_22,Polysemy_Multi_POS,False
1125,despite,prep,B1,1,1125,3,5,dɪˈspaɪt,,دِسْبايت,Bi al-raghm min / Iḥtiqār,de•spite,Without being affected by; in spite of.,بمعنى بالرغم من.. يعني لما حاجة تحصل مع إن فيه سبب كان ممكن يمنعها.,Followed by a noun or 'doing something'. Do NOT say 'despite of'.,Feelings & Emotions,Relation,"[""#Contrast"", ""#Grammar"", ""#LinkingWord""]",Neutral,اربط 'Despite' بـ 'This bite'.. تخيل حد بيقول: 'Despite' 'بالرغم من' الـ 'Bite' 'العضة'، الكلب لسه بيحبني.,"{""A1"": ""We walked despite the rain."", ""A2"": ""She is happy despite being poor."", ""B1"": ""He came to work despite his illness."", ""B2"": ""Despite the traffic, we arrived on time."", ""C1"": ""Despite all efforts, the plan failed."", ""C2"": ""Despite the overwhelming evidence, he denied the charges.""}","[""despite the fact"", ""despite efforts"", ""despite this""]","[""in spite of"", ""regardless of"", ""notwithstanding""]","[""because of"", ""due to""]","{""en"": [""although"", ""even though"", ""however""], ""ar"": [""مع أن"", ""لكن""]}","{""noun"":""despite""}",بالرغم من / إحتقار,malgré,trotz,a pesar de,尽管 (Jǐnguǎn),несмотря на,apesar de,にもかかわらず (Ni mo kakawarazu),nonostante,rağmen,B1_03,Mnemonic_Trap,False
2967,whereas,conj,B2,1,2967,4,6,weəɹˈæz,weərˈæz,وِيرْآز,Baynamā / Fī ḥīn,where•as,In contrast or comparison with the fact that; taking into consideration that.,بينما.. أو في حين.. بنستخدمها عشان نوضح الفرق بين حاجتين.,Common in formal writing and legal documents.,General / Common,Relation,"[""#Contrast"", ""#Logic"", ""#Writing"", ""#Formal""]",Formal,كلمة 'Where' 'أين' + 'As' 'زي'.. بس على بعض 'Whereas' بتيجي للمقارنة.,"{""A1"": ""Tom is tall, whereas I am short."", ""A2"": ""She likes tea, whereas he likes coffee."", ""B1"": ""I am a student, whereas my brother works."", ""B2"": ""He must be about sixty, whereas his wife looks about thirty."", ""C1"": ""Whereas the city is noisy, the country is quiet."", ""C2"": ""Whereas the treaty was signed in good faith, it was soon violated.""}","[""whereas in fact""]","[""while"", ""although"", ""whilst"", ""though""]",[],"{""en"": [""however"", ""nevertheless"", ""but""], ""ar"": [""لكن"", ""مع ذلك"", ""بس""]}",,بينما / في حين,alors que,wogegen,mientras que,鉴于 (Jiànyú),в то время как,ao passo que,ところが (Tokoroga),mentre invece,halbuki,B2_12,Mnemonic_Trap,False
5519,constitute,verb,C1,1,5519,5,9,ˈkɑnstɪtuːt,ˈkɒnstɪtjuːt,كُونْسْتِتيوت,Yushakkil / Yumaththil,con•sti•tute,To be part of a whole; to amount to.,يشكّل أو يمثل جزء من حاجة.. زي لما نقول إن الشباب بيشكلوا نسبة كبيرة من السكان,Formal word for 'make up' or 'form'.,General / Common,State,"[""#Formal"", ""#Composition"", ""#Law""]",Formal,الـ 'Constitution' 'الدستور' هو اللي بيـ 'Constitute' 'بيشكل' القوانين,"{""A1"": ""Twelve months constitute a year."", ""A2"": ""These rules constitute the game."", ""B1"": ""Women constitute the majority of the workforce here."", ""B2"": ""Does this action constitute a crime?"", ""C1"": ""Nitrogen constitutes 78% of the atmosphere."", ""C2"": ""The defeat constituted a turning point in the war.""}","[""constitute a threat"", ""constitute a crime"", ""constitute a majority""]","[""make up"", ""form"", ""comprise"", ""represent""]",[],"{""en"": [""constitution"", ""constitutional"", ""constituent""], ""ar"": [""دستور"", ""مكون""]}","{""noun"":""constitution"",""verb"":""constitute"",""adj"":""constitutional""}",يُشَكِّل / يُمَثِّل,constituer,darstellen,constituir,构成 (gòu chéng),составлять,constituir,構成する (kōsei suru),costituire,oluşturmak,C1_20,Mnemonic_Trap,False
6006,perceive,verb,B2,1,6006,5,7,pərˈsiːv,,پِرْسِيف,Yataṣawwar / Yudrik,per•ceive,To become aware of something through the senses or to understand it in a certain way.,إنك تلاحظ حاجة بحواسك أو تفهمها وتشوفها بطريقتك الخاصة.,"Often involves interpretation, not just seeing. 'How do you perceive this situation?'",Health & Senses,Process,"[""#Senses"", ""#Mind"", ""#Understanding"", ""#Opinion""]",Neutral,قريبة من 'Receive' 'يستقبل'.. عينك ومخك بيعملوا 'Receive' للمعلومة فبتقدر تعملها 'Perceive' وتفهمها.,"{""A1"": ""I perceive a change."", ""A2"": ""She perceived a light in the distance."", ""B1"": ""He perceives the world differently than I do."", ""B2"": ""Risks are perceived differently by different people."", ""C1"": ""They were quick to perceive the subtle change in his mood."", ""C2"": ""The public perceives the measure as a violation of civil liberties.""}","[""perceive a threat"", ""perceive differently"", ""widely perceived"", ""perceive as""]","[""discern"", ""recognize"", ""notice"", ""regard"", ""view""]","[""ignore"", ""miss"", ""overlook""]","{""en"": [""perception"", ""perceptive"", ""sense"", ""view"", ""insight""], ""ar"": [""إدراك"", ""لماح"", ""حاسة"", ""رؤية"", ""بصيرة""]}","{""noun"": ""perception"", ""verb"": ""perceive"", ""adj"": ""perceptive"", ""adv"": ""perceptibly""}",يتصور / يدرك,percevoir,wahrnehmen,percibir,察觉 (Chájué),воспринимать,perceber,知覚する (Chikaku suru),percepire,algılamak,B2_32,Mnemonic_Trap,False
5245,albeit,conj,C1,1,5245,5,8,ɔːlˈbiːɪt,ɔːlˈbiːɪt,أولْبِيِت,Wa'in kān / Walaw,al•beit,Although; even though.,أداة ربط رسمية شوية بمعنى 'ولو' أو 'رغم إن'.,"Followed by an adjective, adverb, or phrase, rarely a full clause.",General / Common,Concept,"[""#Concession"", ""#Contrast"", ""#Grammar""]",Formal,'Albeit' قريبة من 'All be it'.. يعني 'ليكن'.. بنستخدمها بمعنى 'ولو' أو 'رغم إن'.,"{""A1"": ""Good, albeit small."", ""A2"": ""She came, albeit late."", ""B1"": ""It was risky, albeit necessary."", ""B2"": ""He finally agreed, albeit reluctantly."", ""C1"": ""The economy is growing, albeit at a slower rate."", ""C2"": ""They made a significant, albeit controversial, contribution to science.""}","[""albeit briefly"", ""albeit small"", ""albeit reluctantly""]","[""although"", ""though"", ""even if""]",[],"{""en"": [""although"", ""though""], ""ar"": [""رغم"", ""مع أن""]}",,وإن كان / ولو / وإن يكن,bien que,obwohl,no obstante,尽管 (Jǐnguǎn),хотя и,conquanto,にもかかわらず (Nimokakawarazu),benché,buna rağmen,C1_18,Mnemonic_Trap,False
3117,hence,adv,B2,1,3117,4,5,hɛns,,هِنْس,Lidhālik / Bialttālī,,As a consequence; for this reason.,بمعنى 'عشان كدة' أو 'وبالتالي'. بتستخدم لما تشرح نتيجة لحاجة.,"Formal transition word, similar to 'therefore' or 'thus'.",General / Common,Relation,"[""#Logic"", ""#Reasoning"", ""#Formal""]",Formal,كلمة 'Hence' شبه 'Hens' 'فراخ'.. الفراخ هربت 'Hence' 'وبالتالي' مفيش بيض النهاردة.,"{""A1"": ""Not typically used in A1 contexts."", ""A2"": ""It is late, hence we must go."", ""B1"": ""The cost of transport is high, hence the high prices."", ""B2"": ""He was a newcomer and hence had no enemies."", ""C1"": ""The evidence is false; hence, the conclusion is invalid."", ""C2"": ""The data was corrupted, hence the anomaly in the final report.""}","[""hence the name"", ""years hence""]","[""therefore"", ""thus"", ""consequently"", ""so"", ""accordingly""]",[],"{""en"": [""thence"", ""ergo""], ""ar"": [""من ثم"", ""إذاً""]}","{""adv"":""hence""}",لذلك / من ثم,par conséquent,daher,por lo tanto,因此 (Yīncǐ),следовательно,daí,それゆえに (Soreyueni),quindi,bu nedenle,B2_13,Mnemonic_Trap,False
5942,whereby,adv,C1,1,5942,5,8,wɛə(ɹ)ˈbaɪ,weəˈbaɪ,وِيرْبَاي,Bi-mūjibihā / Ḥaythu,where•by,By which; because of which.,بمعنى 'الذي بموجبه' أو 'بواسطته'، بتستخدم لربط جملة بتشرح الطريقة.,"Formal word. Used to connect a process with its result (e.g., 'a plan whereby we save money').",General / Common,Relation,"[""#Grammar"", ""#Logic"", ""#Formal"", ""#Connection""]",Formal,,"{""A1"": ""This is the rule whereby we play."", ""A2"": ""A deal whereby we both gain."", ""B1"": ""They have a system whereby students grade each other."", ""B2"": ""The government introduced a scheme whereby citizens could claim a refund."", ""C1"": ""It is a mechanism whereby the market regulates itself."", ""C2"": ""Cellular respiration is the metabolic pathway whereby cells generate energy.""}","[""system whereby"", ""arrangement whereby"", ""process whereby""]","[""by which"", ""through which""]",[],"{""en"": [""hereby"", ""thereby"", ""whereupon""], ""ar"": [""بموجب هذا"", ""بذلك"", ""عندئذ""]}","{""adv"":""whereby""}",حيث / بموجبها,par lequel,wodurch,por el cual,借以 (Jièyǐ),с помощью чего,através do qual,それによって (Sore ni yotte),tramite cui,sayesinde,C1_24,Mnemonic_Trap,False
5609,premise,noun,C1,1,5609,5,8,ˈpɹɛmɪs,,بْرِمِس,Farḍiyya / Asās Manṭiqī,,An idea or theory on which a statement or action is based.,فكرة أساسية أو فرضية بتبني عليها كلامك أو خطتك.,Often used in logic and arguments. Plural 'premises' can also mean a building/property.,Social Life & Communication,Concept,"[""#Logic"", ""#Argument"", ""#Theory""]",Formal,قريبة من كلمة 'Promise' في النطق، بس المعنى مختلف.. الـ 'Premise' هو الوعد المنطقي اللي بتبني عليه النتيجة.,"{""A1"": ""The idea is simple."", ""A2"": ""We started with a basic plan."", ""B1"": ""His argument is based on a false idea."", ""B2"": ""The whole movie is based on a strange premise."", ""C1"": ""The premise of the debate was that all people are equal."", ""C2"": ""If we accept the major premise, the conclusion follows inevitably.""}","[""basic premise"", ""false premise"", ""accept a premise"", ""based on the premise""]","[""hypothesis"", ""assumption"", ""proposition"", ""basis""]","[""conclusion"", ""fact""]","{""en"": [""promise"", ""surmise"", ""thesis""], ""ar"": [""وعد"", ""تخمين"", ""أطروحة""]}","{""noun"":""premise"",""verb"":""premise""}",فرضية / أساس منطقي,prémisse,Prämisse,premisa,前提 (Qiántí),предпосылка,premissa,前提 (Zentei),premessa,öncül,C1_21,Mnemonic_Trap,False
5567,discourse,noun,C1,1,5567,5,8,ˈdɪskɔɹs,ˈdɪskɔːs,دِسْكُورس,Khiṭāb / Ḥiwār,dis•course,Written or spoken communication or debate; a formal discussion of a topic.,خطاب أو حوار.. الكلام والنقاش الجاد اللي بيدور حوالين موضوع معين، زي السياسة أو الأدب.,"Academic term. Refers to the flow of discussion in a society (e.g., 'political discourse').",Social Life & Communication,Communication,"[""#Debate"", ""#Language"", ""#Academic""]",Formal,أولها 'Disc' زي 'Discussion'.. الـ 'Discourse' هو النقاش أو الخطاب الطويل حول موضوع معين,"{""A1"": ""The discourse was long."", ""A2"": ""They had a discourse about art."", ""B1"": ""Public discourse on health is important."", ""B2"": ""The professor led a discourse on modern history."", ""C1"": ""We need to elevate the level of political discourse."", ""C2"": ""Foucault analyzed the power dynamics inherent in medical discourse.""}","[""political discourse"", ""public discourse"", ""academic discourse"", ""civil discourse""]","[""discussion"", ""conversation"", ""debate"", ""dialogue""]","[""silence""]","{""en"": [""discuss"", ""discussion"", ""discursive""], ""ar"": [""يناقش"", ""نقاش"", ""استطرادي""]}","{""verb"":""discourse"",""adj"":""discursive""}",خطاب / حوار,discours,Diskurs,discurso,话语 (Huàyǔ),дискурс,discurso,談話 (Danwa),discorso,söylem,C1_21,Mnemonic_Trap,False
6658,criterion,noun,B2,1,6658,5,7,kraɪˈtɪriən,kraɪˈtɪərɪən,كْرَايْتِيرِيَن,Mi'yar,cri•te•ri•on,A principle or standard by which something may be judged or decided.,معيار أو مقياس بنحكم بيه على حاجة إذا كانت كويسة ولا لأ.,Plural is 'criteria'. 'Criteria' is often incorrectly used as a singular.,Social Life & Communication,Concept,"[""#Standard"", ""#Judgment"", ""#Academic""]",Formal,تشبه 'Critic' 'ناقد'.. الناقد بيحكم بناءً على 'Criterion' 'معيار' معين.,"{""A1"": ""Price is one criterion."", ""A2"": ""We have a strict criterion for entry."", ""B1"": ""The main criterion is value for money."", ""B2"": ""Academic ability is not the only criterion for admission."", ""C1"": ""The criteria for selection are very strict."", ""C2"": ""Validity is the most important criterion for this scientific test.""}","[""main criterion"", ""selection criteria"", ""meet the criteria""]","[""standard"", ""measure"", ""benchmark""]",[],"{""en"": [""critic"", ""critical"", ""criteria""], ""ar"": [""مقياس"", ""شرط""]}","{""noun"":""criterion""}",معيار,critère,Kriterium,criterio,标准 (Biāo zhǔn),критерий,critério,基準 (Kijun),criterio,kriter,B2_36,Mnemonic_Trap,False
